height,week_start,id,pool,source_denom,source_contract,coin,liquidity_fee_base,liquidity_fee_rune,rune_price_usd,liquidity_fee_usd,memo
25981002,2026-04-27,008F984E29BEF4EC784860731377B3D089D860013F31811936F12F4C6C037491,AVAX.AVAX,avax-avax,thor1dw8tadkwy746ytvaugv26g5jwekwpfyjyvlvncvryukm07rc998s4ukvrt,736296900 THOR.RUNE,736283,0.00736283,0.50793203,0.00373982,=:AVAX-AVAX:thor1n5a08r0zvmqca39ka2tgwlkjy9ugalutk7fjpzptfppqcccnat2ska5t4g/thor1n5a08r0zvmqca39ka2tgwlkjy9ugalutk7fjpzptfppqcccnat2ska5t4g:0/1/1
25981002,2026-04-27,008F984E29BEF4EC784860731377B3D089D860013F31811936F12F4C6C037491,ETH.USDC-0XA0B86991C6218B36C1D19D4A2E9EB0CE3606EB48,avax-avax,thor1dw8tadkwy746ytvaugv26g5jwekwpfyjyvlvncvryukm07rc998s4ukvrt,369596853 ETH-USDC-0XA0B86991C6218B36C1D19D4A2E9EB0CE3606EB48,737033,0.00737033,0.50793203,0.00374363,=:AVAX-AVAX:thor1n5a08r0zvmqca39ka2tgwlkjy9ugalutk7fjpzptfppqcccnat2ska5t4g/thor1n5a08r0zvmqca39ka2tgwlkjy9ugalutk7fjpzptfppqcccnat2ska5t4g:0/1/1
25981305,2026-04-27,2C0470B822DA2A20897360071B0B9D3B633A7B2D6F3FB1862D6FAE8332D3FA20,BASE.ETH,base-eth,thor1624v08rr5na2hv5jazw5tmyyjyqg8lfy78zvck52ep3nqxa7lljq00e4xq,14894 BASE-ETH,67029,0.00067029,0.50793203,0.00034046,=:ETH-ETH:thor1n5a08r0zvmqca39ka2tgwlkjy9ugalutk7fjpzptfppqcccnat2ska5t4g/thor1n5a08r0zvmqca39ka2tgwlkjy9ugalutk7fjpzptfppqcccnat2ska5t4g:0/1/1
25981305,2026-04-27,2C0470B822DA2A20897360071B0B9D3B633A7B2D6F3FB1862D6FAE8332D3FA20,ETH.ETH,base-eth,thor1624v08rr5na2hv5jazw5tmyyjyqg8lfy78zvck52ep3nqxa7lljq00e4xq,66962890 THOR.RUNE,62991,0.00062991,0.50793203,0.00031995,=:ETH-ETH:thor1n5a08r0zvmqca39ka2tgwlkjy9ugalutk7fjpzptfppqcccnat2ska5t4g/thor1n5a08r0zvmqca39ka2tgwlkjy9ugalutk7fjpzptfppqcccnat2ska5t4g:0/1/1
25981507,2026-04-27,F407BC41994244ACEC674945CC3B406FB1BBC3F745AFF10CE651A9FF0E01CCFC,BCH.BCH,bch-bch,thor1s4jpxtz0jsh6elyqcdujd303ptefz53gknmcp437rm9ykxnfhysqrm5hze,401696 BCH-BCH,354914,0.00354914,0.50793203,0.00180272,=:ETH-USDC:thor1n5a08r0zvmqca39ka2tgwlkjy9ugalutk7fjpzptfppqcccnat2ska5t4g/thor1n5a08r0zvmqca39ka2tgwlkjy9ugalutk7fjpzptfppqcccnat2ska5t4g:0/1/1
25981507,2026-04-27,F407BC41994244ACEC674945CC3B406FB1BBC3F745AFF10CE651A9FF0E01CCFC,ETH.USDC-0XA0B86991C6218B36C1D19D4A2E9EB0CE3606EB48,bch-bch,thor1s4jpxtz0jsh6elyqcdujd303ptefz53gknmcp437rm9ykxnfhysqrm5hze,354559295 THOR.RUNE,354558,0.00354558,0.50793203,0.00180091,=:ETH-USDC:thor1n5a08r0zvmqca39ka2tgwlkjy9ugalutk7fjpzptfppqcccnat2ska5t4g/thor1n5a08r0zvmqca39ka2tgwlkjy9ugalutk7fjpzptfppqcccnat2ska5t4g:0/1/1
25981709,2026-04-27,42C8B21660983771068F234DA88815F511184CB5A3597317712EFAB8A3676A4A,BSC.USDC-0X8AC76A51CC950D9822D68B83FE1AD97B32CD580D,bsc-usdc-0x8ac76a51cc950d9822d68b83fe1ad97b32cd580d,thor1f9zc2sdua4n6nreuxzhed9435n0cf6v6lpx6nrjdadtkr294a26qhs676n,1935118 BSC-USDC-0X8AC76A51CC950D9822D68B83FE1AD97B32CD580D,3853,0.00003853,0.50793203,0.00001957,=:ETH-USDC:thor1n5a08r0zvmqca39ka2tgwlkjy9ugalutk7fjpzptfppqcccnat2ska5t4g/thor1n5a08r0zvmqca39ka2tgwlkjy9ugalutk7fjpzptfppqcccnat2ska5t4g:0/1/1
25981709,2026-04-27,42C8B21660983771068F234DA88815F511184CB5A3597317712EFAB8A3676A4A,ETH.USDC-0XA0B86991C6218B36C1D19D4A2E9EB0CE3606EB48,bsc-usdc-0x8ac76a51cc950d9822d68b83fe1ad97b32cd580d,thor1f9zc2sdua4n6nreuxzhed9435n0cf6v6lpx6nrjdadtkr294a26qhs676n,3849389 THOR.RUNE,3849,0.00003849,0.50793203,0.00001955,=:ETH-USDC:thor1n5a08r0zvmqca39ka2tgwlkjy9ugalutk7fjpzptfppqcccnat2ska5t4g/thor1n5a08r0zvmqca39ka2tgwlkjy9ugalutk7fjpzptfppqcccnat2ska5t4g:0/1/1
25981810,2026-04-27,221350B5C2D20F34ED160BE24FB1CD51C37F4C40D1FAE3A2D1D13A6D9218C371,BSC.USDT-0X55D398326F99059FF775485246999027B3197955,bsc-usdt-0x55d398326f99059ff775485246999027b3197955,thor1mgjtf976cnurac63yh2tldmw2mme5f4a8n0u7m3d5yvxk6x5yrws4u37es,14729176 BSC-USDT-0X55D398326F99059FF775485246999027B3197955,29328,0.00029328,0.50793203,0.00014897,=:ETH-USDC:thor1n5a08r0zvmqca39ka2tgwlkjy9ugalutk7fjpzptfppqcccnat2ska5t4g/thor1n5a08r0zvmqca39ka2tgwlkjy9ugalutk7fjpzptfppqcccnat2ska5t4g:0/1/1
25981810,2026-04-27,221350B5C2D20F34ED160BE24FB1CD51C37F4C40D1FAE3A2D1D13A6D9218C371,ETH.USDC-0XA0B86991C6218B36C1D19D4A2E9EB0CE3606EB48,bsc-usdt-0x55d398326f99059ff775485246999027b3197955,thor1mgjtf976cnurac63yh2tldmw2mme5f4a8n0u7m3d5yvxk6x5yrws4u37es,29299582 THOR.RUNE,29299,0.00029299,0.50793203,0.00014882,=:ETH-USDC:thor1n5a08r0zvmqca39ka2tgwlkjy9ugalutk7fjpzptfppqcccnat2ska5t4g/thor1n5a08r0zvmqca39ka2tgwlkjy9ugalutk7fjpzptfppqcccnat2ska5t4g:0/1/1
25981911,2026-04-27,9EB0823FB1EABB71E75FA2B6E2D69B13044806FED651B4D1680E367E2B19474A,BTC.BTC,btc-btc,thor1dwsnlqw3lfhamc5dz3r57hlsppx3a2n2d7kppccxfdhfazjh06rs5077sz,1 BTC-BTC,152,0.00000152,0.50793203,0.00000077,=:ETH-USDC:thor1n5a08r0zvmqca39ka2tgwlkjy9ugalutk7fjpzptfppqcccnat2ska5t4g/thor1n5a08r0zvmqca39ka2tgwlkjy9ugalutk7fjpzptfppqcccnat2ska5t4g:0/1/1
25981911,2026-04-27,88C1AD5ED5763C52B3F035EB4C4B36ACEE952F53D9224D728AAD7786065EECE9,ETH.USDC-0XA0B86991C6218B36C1D19D4A2E9EB0CE3606EB48,btc-btc,thor1dwsnlqw3lfhamc5dz3r57hlsppx3a2n2d7kppccxfdhfazjh06rs5077sz,5095 THOR.RUNE,4,0.00000004,0.50793203,0.00000002,=:ETH-USDC:thor1n5a08r0zvmqca39ka2tgwlkjy9ugalutk7fjpzptfppqcccnat2ska5t4g/thor1n5a08r0zvmqca39ka2tgwlkjy9ugalutk7fjpzptfppqcccnat2ska5t4g:0/1/1
25981911,2026-04-27,9EB0823FB1EABB71E75FA2B6E2D69B13044806FED651B4D1680E367E2B19474A,ETH.USDC-0XA0B86991C6218B36C1D19D4A2E9EB0CE3606EB48,btc-btc,thor1dwsnlqw3lfhamc5dz3r57hlsppx3a2n2d7kppccxfdhfazjh06rs5077sz,151880 THOR.RUNE,152,0.00000152,0.50793203,0.00000077,=:ETH-USDC:thor1n5a08r0zvmqca39ka2tgwlkjy9ugalutk7fjpzptfppqcccnat2ska5t4g/thor1n5a08r0zvmqca39ka2tgwlkjy9ugalutk7fjpzptfppqcccnat2ska5t4g:0/1/1
25981911,2026-04-27,88C1AD5ED5763C52B3F035EB4C4B36ACEE952F53D9224D728AAD7786065EECE9,THOR.RUJI,btc-btc,thor1dwsnlqw3lfhamc5dz3r57hlsppx3a2n2d7kppccxfdhfazjh06rs5077sz,10000 THOR.RUJI,5,0.00000005,0.50793203,0.00000003,=:ETH-USDC:thor1n5a08r0zvmqca39ka2tgwlkjy9ugalutk7fjpzptfppqcccnat2ska5t4g/thor1n5a08r0zvmqca39ka2tgwlkjy9ugalutk7fjpzptfppqcccnat2ska5t4g:0/1/1
25982012,2026-04-27,9F65B0F87D569275C12B48BC2CB606E6E12C51CAB3BC6661699AA46DA4E506FF,DOGE.DOGE,doge-doge,thor1w8agselh7k2e4ty369v39lngkckljxfafm35d06f7wj3ar90h2esv75t7p,2694383726 DOGE-DOGE,571484,0.00571484,0.50793203,0.00290275,=:ETH-USDC:thor1n5a08r0zvmqca39ka2tgwlkjy9ugalutk7fjpzptfppqcccnat2ska5t4g/thor1n5a08r0zvmqca39ka2tgwlkjy9ugalutk7fjpzptfppqcccnat2ska5t4g:0/1/1
25982012,2026-04-27,9F65B0F87D569275C12B48BC2CB606E6E12C51CAB3BC6661699AA46DA4E506FF,ETH.USDC-0XA0B86991C6218B36C1D19D4A2E9EB0CE3606EB48,doge-doge,thor1w8agselh7k2e4ty369v39lngkckljxfafm35d06f7wj3ar90h2esv75t7p,570912695 THOR.RUNE,570912,0.00570912,0.50793203,0.00289984,=:ETH-USDC:thor1n5a08r0zvmqca39ka2tgwlkjy9ugalutk7fjpzptfppqcccnat2ska5t4g/thor1n5a08r0zvmqca39ka2tgwlkjy9ugalutk7fjpzptfppqcccnat2ska5t4g:0/1/1
25982315,2026-04-27,F5BB79CFAE97F8E8D528C4EB270FD852A92715C2CC168251900316E0872A841E,ETH.GUSD-0X056FD409E1D7A124BD7017459DFEA2F387B6D5CD,eth-gusd-0x056fd409e1d7a124bd7017459dfea2f387b6d5cd,thor19pdw7vjkhk0qhvn7r3xgj6f5zyyj700w6my3z28cv9ugzu7gp5rqv5596l,58948250 ETH-GUSD-0X056FD409E1D7A124BD7017459DFEA2F387B6D5CD,117580,0.0011758,0.50793203,0.00059723,=:ETH-USDC:thor1n5a08r0zvmqca39ka2tgwlkjy9ugalutk7fjpzptfppqcccnat2ska5t4g/thor1n5a08r0zvmqca39ka2tgwlkjy9ugalutk7fjpzptfppqcccnat2ska5t4g:0/1/1
25982315,2026-04-27,F5BB79CFAE97F8E8D528C4EB270FD852A92715C2CC168251900316E0872A841E,ETH.USDC-0XA0B86991C6218B36C1D19D4A2E9EB0CE3606EB48,eth-gusd-0x056fd409e1d7a124bd7017459dfea2f387b6d5cd,thor19pdw7vjkhk0qhvn7r3xgj6f5zyyj700w6my3z28cv9ugzu7gp5rqv5596l,117000000 THOR.RUNE,116998,0.00116998,0.50793203,0.00059427,=:ETH-USDC:thor1n5a08r0zvmqca39ka2tgwlkjy9ugalutk7fjpzptfppqcccnat2ska5t4g/thor1n5a08r0zvmqca39ka2tgwlkjy9ugalutk7fjpzptfppqcccnat2ska5t4g:0/1/1
25982416,2026-04-27,89C6EEDF170A5312CCE05BD970E1CC565FB6536E9D7363DEDD032B3DA115A3F2,ETH.USDC-0XA0B86991C6218B36C1D19D4A2E9EB0CE3606EB48,eth-usdc-0xa0b86991c6218b36c1d19d4a2e9eb0ce3606eb48,thor1y8g3yhzmnwyt6g7jque36eyregf85kgtzem6dgzqxuzrpmzpumvqts7ud7,24325920222 ETH-USDC-0XA0B86991C6218B36C1D19D4A2E9EB0CE3606EB48,48623911,0.48623911,0.50793203,0.24697642,=:r:thor1n5a08r0zvmqca39ka2tgwlkjy9ugalutk7fjpzptfppqcccnat2ska5t4g/thor1n5a08r0zvmqca39ka2tgwlkjy9ugalutk7fjpzptfppqcccnat2ska5t4g:0/1/1
25983022,2026-04-27,B69FA56CE00DDF0A789F354AD9C7CD9DCE3AAD45ADE552154E8D4E000CB74F9C,ETH.USDC-0XA0B86991C6218B36C1D19D4A2E9EB0CE3606EB48,tcy,thor1kyjky2yprmamj0gfkevyc6tunxev0054gpxjap8k9vkyutkkf5lqyr0xxv,49631199392 THOR.RUNE,49635115,0.49635115,0.50793203,0.25211265,=:ETH-USDC:thor1n5a08r0zvmqca39ka2tgwlkjy9ugalutk7fjpzptfppqcccnat2ska5t4g/thor1n5a08r0zvmqca39ka2tgwlkjy9ugalutk7fjpzptfppqcccnat2ska5t4g:0/1/1
25983022,2026-04-27,8011CADB3E7F034A2459553380B02E00E93DF37B981D1110199F595237F958F0,ETH.USDC-0XA0B86991C6218B36C1D19D4A2E9EB0CE3606EB48,tcy,thor1kyjky2yprmamj0gfkevyc6tunxev0054gpxjap8k9vkyutkkf5lqyr0xxv,5676555023 THOR.RUNE,5676605,0.05676605,0.50793203,0.02883329,=:ETH-USDC:thor1n5a08r0zvmqca39ka2tgwlkjy9ugalutk7fjpzptfppqcccnat2ska5t4g/thor1n5a08r0zvmqca39ka2tgwlkjy9ugalutk7fjpzptfppqcccnat2ska5t4g:0/1/1
25983022,2026-04-27,B69FA56CE00DDF0A789F354AD9C7CD9DCE3AAD45ADE552154E8D4E000CB74F9C,THOR.TCY,tcy,thor1kyjky2yprmamj0gfkevyc6tunxev0054gpxjap8k9vkyutkkf5lqyr0xxv,180000000000 THOR.TCY,47711477,0.47711477,0.50793203,0.24234187,=:ETH-USDC:thor1n5a08r0zvmqca39ka2tgwlkjy9ugalutk7fjpzptfppqcccnat2ska5t4g/thor1n5a08r0zvmqca39ka2tgwlkjy9ugalutk7fjpzptfppqcccnat2ska5t4g:0/1/1
25983022,2026-04-27,8011CADB3E7F034A2459553380B02E00E93DF37B981D1110199F595237F958F0,THOR.TCY,tcy,thor1kyjky2yprmamj0gfkevyc6tunxev0054gpxjap8k9vkyutkkf5lqyr0xxv,20610325644 THOR.TCY,5682237,0.05682237,0.50793203,0.0288619,=:ETH-USDC:thor1n5a08r0zvmqca39ka2tgwlkjy9ugalutk7fjpzptfppqcccnat2ska5t4g/thor1n5a08r0zvmqca39ka2tgwlkjy9ugalutk7fjpzptfppqcccnat2ska5t4g:0/1/1
25986961,2026-04-27,2FE80664094E6223FF1B376064C005EE4915011FA2C6D32F2DD2EDFE0D932C9B,BTC.BTC,btc-btc,thor1dwsnlqw3lfhamc5dz3r57hlsppx3a2n2d7kppccxfdhfazjh06rs5077sz,300000 BTC-BTC,45715418,0.45715418,0.50793203,0.23220325,=:ETH-USDC:thor1n5a08r0zvmqca39ka2tgwlkjy9ugalutk7fjpzptfppqcccnat2ska5t4g/thor1n5a08r0zvmqca39ka2tgwlkjy9ugalutk7fjpzptfppqcccnat2ska5t4g:0/1/1
25986961,2026-04-27,2FE80664094E6223FF1B376064C005EE4915011FA2C6D32F2DD2EDFE0D932C9B,ETH.USDC-0XA0B86991C6218B36C1D19D4A2E9EB0CE3606EB48,btc-btc,thor1dwsnlqw3lfhamc5dz3r57hlsppx3a2n2d7kppccxfdhfazjh06rs5077sz,45669702939 THOR.RUNE,45673020,0.4567302,0.50793203,0.2319879,=:ETH-USDC:thor1n5a08r0zvmqca39ka2tgwlkjy9ugalutk7fjpzptfppqcccnat2ska5t4g/thor1n5a08r0zvmqca39ka2tgwlkjy9ugalutk7fjpzptfppqcccnat2ska5t4g:0/1/1
25987062,2026-04-27,9AD407F7C91CE3F6F56C1CDD7AA0AD452F72483333A469BC414CEB2BC1041AA2,DOGE.DOGE,doge-doge,thor1w8agselh7k2e4ty369v39lngkckljxfafm35d06f7wj3ar90h2esv75t7p,65664010171 DOGE-DOGE,14226239,0.14226239,0.50793203,0.07225962,=:ETH-USDC:thor1n5a08r0zvmqca39ka2tgwlkjy9ugalutk7fjpzptfppqcccnat2ska5t4g/thor1n5a08r0zvmqca39ka2tgwlkjy9ugalutk7fjpzptfppqcccnat2ska5t4g:0/1/1
25987062,2026-04-27,51774F1CF9F102E693B4505317491DE441FCF5A365447614220784E3A4D61BB6,DOGE.DOGE,doge-doge,thor1w8agselh7k2e4ty369v39lngkckljxfafm35d06f7wj3ar90h2esv75t7p,1543216 DOGE-DOGE,334,0.00000334,0.50793203,0.0000017,=:ETH-USDC:thor1n5a08r0zvmqca39ka2tgwlkjy9ugalutk7fjpzptfppqcccnat2ska5t4g/thor1n5a08r0zvmqca39ka2tgwlkjy9ugalutk7fjpzptfppqcccnat2ska5t4g:0/1/1
25987062,2026-04-27,9AD407F7C91CE3F6F56C1CDD7AA0AD452F72483333A469BC414CEB2BC1041AA2,ETH.USDC-0XA0B86991C6218B36C1D19D4A2E9EB0CE3606EB48,doge-doge,thor1w8agselh7k2e4ty369v39lngkckljxfafm35d06f7wj3ar90h2esv75t7p,14212013051 THOR.RUNE,14212333,0.14212333,0.50793203,0.07218899,=:ETH-USDC:thor1n5a08r0zvmqca39ka2tgwlkjy9ugalutk7fjpzptfppqcccnat2ska5t4g/thor1n5a08r0zvmqca39ka2tgwlkjy9ugalutk7fjpzptfppqcccnat2ska5t4g:0/1/1
25987062,2026-04-27,51774F1CF9F102E693B4505317491DE441FCF5A365447614220784E3A4D61BB6,ETH.USDC-0XA0B86991C6218B36C1D19D4A2E9EB0CE3606EB48,doge-doge,thor1w8agselh7k2e4ty369v39lngkckljxfafm35d06f7wj3ar90h2esv75t7p,333986 THOR.RUNE,334,0.00000334,0.50793203,0.0000017,=:ETH-USDC:thor1n5a08r0zvmqca39ka2tgwlkjy9ugalutk7fjpzptfppqcccnat2ska5t4g/thor1n5a08r0zvmqca39ka2tgwlkjy9ugalutk7fjpzptfppqcccnat2ska5t4g:0/1/1
25987264,2026-04-27,DD46EE4E2A8035EC824713BE885E7BB6D3069B1D26D81E5759686AACBF411A1F,ETH.ETH,eth-eth,thor1tnd06uswj8033d0kzd5d7zre73u3uc44r2vvez26z5m4kr68vtusf2snva,1045882 ETH-ETH,4712208,0.04712208,0.50793203,0.02393481,=:ETH-USDC:thor1n5a08r0zvmqca39ka2tgwlkjy9ugalutk7fjpzptfppqcccnat2ska5t4g/thor1n5a08r0zvmqca39ka2tgwlkjy9ugalutk7fjpzptfppqcccnat2ska5t4g:0/1/1
25987264,2026-04-27,DD46EE4E2A8035EC824713BE885E7BB6D3069B1D26D81E5759686AACBF411A1F,ETH.USDC-0XA0B86991C6218B36C1D19D4A2E9EB0CE3606EB48,eth-eth,thor1tnd06uswj8033d0kzd5d7zre73u3uc44r2vvez26z5m4kr68vtusf2snva,4707496064 THOR.RUNE,4707530,0.0470753,0.50793203,0.02391105,=:ETH-USDC:thor1n5a08r0zvmqca39ka2tgwlkjy9ugalutk7fjpzptfppqcccnat2ska5t4g/thor1n5a08r0zvmqca39ka2tgwlkjy9ugalutk7fjpzptfppqcccnat2ska5t4g:0/1/1
25987466,2026-04-27,0DE771E9B3027D0823996BF5588B290CC2761094D0EF73E9953E3F9CF2405797,ETH.USDC-0XA0B86991C6218B36C1D19D4A2E9EB0CE3606EB48,eth-usdc-0xa0b86991c6218b36c1d19d4a2e9eb0ce3606eb48,thor1y8g3yhzmnwyt6g7jque36eyregf85kgtzem6dgzqxuzrpmzpumvqts7ud7,21864793794 ETH-USDC-0XA0B86991C6218B36C1D19D4A2E9EB0CE3606EB48,43493282,0.43493282,0.50793203,0.22091631,=:r:thor1n5a08r0zvmqca39ka2tgwlkjy9ugalutk7fjpzptfppqcccnat2ska5t4g/thor1n5a08r0zvmqca39ka2tgwlkjy9ugalutk7fjpzptfppqcccnat2ska5t4g:0/1/1
25988072,2026-04-27,8F48C19E4E0203E394271CB6ADCDB090A9EA6F2915CE1706A8A48A58C8BD7734,ETH.USDC-0XA0B86991C6218B36C1D19D4A2E9EB0CE3606EB48,tcy,thor1kyjky2yprmamj0gfkevyc6tunxev0054gpxjap8k9vkyutkkf5lqyr0xxv,49368436858 THOR.RUNE,49372325,0.49372325,0.50793203,0.25077785,=:ETH-USDC:thor1n5a08r0zvmqca39ka2tgwlkjy9ugalutk7fjpzptfppqcccnat2ska5t4g/thor1n5a08r0zvmqca39ka2tgwlkjy9ugalutk7fjpzptfppqcccnat2ska5t4g:0/1/1
25988072,2026-04-27,7BF4CDE5FF8C6FBFF39BF352F379D4EA62104D7F14CF57EF269632E2F3AF6442,ETH.USDC-0XA0B86991C6218B36C1D19D4A2E9EB0CE3606EB48,tcy,thor1kyjky2yprmamj0gfkevyc6tunxev0054gpxjap8k9vkyutkkf5lqyr0xxv,668496735 THOR.RUNE,668496,0.00668496,0.50793203,0.00339551,=:ETH-USDC:thor1n5a08r0zvmqca39ka2tgwlkjy9ugalutk7fjpzptfppqcccnat2ska5t4g/thor1n5a08r0zvmqca39ka2tgwlkjy9ugalutk7fjpzptfppqcccnat2ska5t4g:0/1/1
25988072,2026-04-27,8F48C19E4E0203E394271CB6ADCDB090A9EA6F2915CE1706A8A48A58C8BD7734,THOR.TCY,tcy,thor1kyjky2yprmamj0gfkevyc6tunxev0054gpxjap8k9vkyutkkf5lqyr0xxv,180000000000 THOR.TCY,47332960,0.4733296,0.50793203,0.24041926,=:ETH-USDC:thor1n5a08r0zvmqca39ka2tgwlkjy9ugalutk7fjpzptfppqcccnat2ska5t4g/thor1n5a08r0zvmqca39ka2tgwlkjy9ugalutk7fjpzptfppqcccnat2ska5t4g:0/1/1
25988072,2026-04-27,7BF4CDE5FF8C6FBFF39BF352F379D4EA62104D7F14CF57EF269632E2F3AF6442,THOR.TCY,tcy,thor1kyjky2yprmamj0gfkevyc6tunxev0054gpxjap8k9vkyutkkf5lqyr0xxv,2439846864 THOR.TCY,669165,0.00669165,0.50793203,0.0033989,=:ETH-USDC:thor1n5a08r0zvmqca39ka2tgwlkjy9ugalutk7fjpzptfppqcccnat2ska5t4g/thor1n5a08r0zvmqca39ka2tgwlkjy9ugalutk7fjpzptfppqcccnat2ska5t4g:0/1/1
25990900,2026-04-27,9605AD71CFC10FC539BD90485D39DAB127B7E9FC87F9D51C2CAA767A15F51A2F,ETH.USDC-0XA0B86991C6218B36C1D19D4A2E9EB0CE3606EB48,x/ruji,thor17cawwg2lsnvcne69fek6nsqkf8snma6gc5ccceshul86rl0u3q4s5l5d0a,15808543529 THOR.RUNE,15808940,0.1580894,0.50793203,0.08029867,=:ETH-USDC:thor1n5a08r0zvmqca39ka2tgwlkjy9ugalutk7fjpzptfppqcccnat2ska5t4g/thor1n5a08r0zvmqca39ka2tgwlkjy9ugalutk7fjpzptfppqcccnat2ska5t4g:0/1/1
25990900,2026-04-27,9605AD71CFC10FC539BD90485D39DAB127B7E9FC87F9D51C2CAA767A15F51A2F,THOR.RUJI,x/ruji,thor17cawwg2lsnvcne69fek6nsqkf8snma6gc5ccceshul86rl0u3q4s5l5d0a,27315509556 THOR.RUJI,15824367,0.15824367,0.50793203,0.08037703,=:ETH-USDC:thor1n5a08r0zvmqca39ka2tgwlkjy9ugalutk7fjpzptfppqcccnat2ska5t4g/thor1n5a08r0zvmqca39ka2tgwlkjy9ugalutk7fjpzptfppqcccnat2ska5t4g:0/1/1
25992011,2026-04-27,99B9CB0C21AFFD49135C64E970EFC79C76F2A5C5EC29C7BC2531BE3102EB071E,BTC.BTC,btc-btc,thor1dwsnlqw3lfhamc5dz3r57hlsppx3a2n2d7kppccxfdhfazjh06rs5077sz,300000 BTC-BTC,46144724,0.46144724,0.50793203,0.23438383,=:ETH-USDC:thor1n5a08r0zvmqca39ka2tgwlkjy9ugalutk7fjpzptfppqcccnat2ska5t4g/thor1n5a08r0zvmqca39ka2tgwlkjy9ugalutk7fjpzptfppqcccnat2ska5t4g:0/1/1
25992011,2026-04-27,C18BD6D42171A1B783428E37938CEB00FC0F35D3EDADF9F039304CE9CA873B0F,BTC.BTC,btc-btc,thor1dwsnlqw3lfhamc5dz3r57hlsppx3a2n2d7kppccxfdhfazjh06rs5077sz,123721 BTC-BTC,19029843,0.19029843,0.50793203,0.09665867,=:ETH-USDC:thor1n5a08r0zvmqca39ka2tgwlkjy9ugalutk7fjpzptfppqcccnat2ska5t4g/thor1n5a08r0zvmqca39ka2tgwlkjy9ugalutk7fjpzptfppqcccnat2ska5t4g:0/1/1
25992011,2026-04-27,99B9CB0C21AFFD49135C64E970EFC79C76F2A5C5EC29C7BC2531BE3102EB071E,ETH.USDC-0XA0B86991C6218B36C1D19D4A2E9EB0CE3606EB48,btc-btc,thor1dwsnlqw3lfhamc5dz3r57hlsppx3a2n2d7kppccxfdhfazjh06rs5077sz,46098580272 THOR.RUNE,46101961,0.46101961,0.50793203,0.23416663,=:ETH-USDC:thor1n5a08r0zvmqca39ka2tgwlkjy9ugalutk7fjpzptfppqcccnat2ska5t4g/thor1n5a08r0zvmqca39ka2tgwlkjy9ugalutk7fjpzptfppqcccnat2ska5t4g:0/1/1
25992011,2026-04-27,C18BD6D42171A1B783428E37938CEB00FC0F35D3EDADF9F039304CE9CA873B0F,ETH.USDC-0XA0B86991C6218B36C1D19D4A2E9EB0CE3606EB48,btc-btc,thor1dwsnlqw3lfhamc5dz3r57hlsppx3a2n2d7kppccxfdhfazjh06rs5077sz,19010813184 THOR.RUNE,19011387,0.19011387,0.50793203,0.09656492,=:ETH-USDC:thor1n5a08r0zvmqca39ka2tgwlkjy9ugalutk7fjpzptfppqcccnat2ska5t4g/thor1n5a08r0zvmqca39ka2tgwlkjy9ugalutk7fjpzptfppqcccnat2ska5t4g:0/1/1
25992516,2026-04-27,C5E591DA3232C528B0A338A9A5A4C6E8FB548C0BECA762DDD526EA54E498D3BC,ETH.USDC-0XA0B86991C6218B36C1D19D4A2E9EB0CE3606EB48,eth-usdc-0xa0b86991c6218b36c1d19d4a2e9eb0ce3606eb48,thor1y8g3yhzmnwyt6g7jque36eyregf85kgtzem6dgzqxuzrpmzpumvqts7ud7,22684829360 ETH-USDC-0XA0B86991C6218B36C1D19D4A2E9EB0CE3606EB48,45111752,0.45111752,0.50793203,0.22913704,=:r:thor1n5a08r0zvmqca39ka2tgwlkjy9ugalutk7fjpzptfppqcccnat2ska5t4g/thor1n5a08r0zvmqca39ka2tgwlkjy9ugalutk7fjpzptfppqcccnat2ska5t4g:0/1/1
25992920,2026-04-27,A90CF63517791CEB6C08131714929309318DF1298F5641240E56141F52CBE79D,BTC.BTC,gaia-atom,thor1s8rxcvg83cwar87ehv4c866auxujkfj3k4wjkxkaren7vmvn9nass80ekp,1479764 BTC-BTC,227397334,2.27397334,0.50793203,1.15502389,=:ETH-USDC:thor1n5a08r0zvmqca39ka2tgwlkjy9ugalutk7fjpzptfppqcccnat2ska5t4g/thor1n5a08r0zvmqca39ka2tgwlkjy9ugalutk7fjpzptfppqcccnat2ska5t4g:0/1/1
25992920,2026-04-27,A90CF63517791CEB6C08131714929309318DF1298F5641240E56141F52CBE79D,ETH.USDC-0XA0B86991C6218B36C1D19D4A2E9EB0CE3606EB48,gaia-atom,thor1s8rxcvg83cwar87ehv4c866auxujkfj3k4wjkxkaren7vmvn9nass80ekp,227169937253 THOR.RUNE,227252406,2.27252406,0.50793203,1.15428775,=:ETH-USDC:thor1n5a08r0zvmqca39ka2tgwlkjy9ugalutk7fjpzptfppqcccnat2ska5t4g/thor1n5a08r0zvmqca39ka2tgwlkjy9ugalutk7fjpzptfppqcccnat2ska5t4g:0/1/1
25992920,2026-04-27,4A3A60A50EF4A35A79E66B26130C66C2AFB2BD2A5BBD86EFE47695F2CBAB4E8B,ETH.USDC-0XA0B86991C6218B36C1D19D4A2E9EB0CE3606EB48,gaia-atom,thor1s8rxcvg83cwar87ehv4c866auxujkfj3k4wjkxkaren7vmvn9nass80ekp,1788662500 THOR.RUNE,1788666,0.01788666,0.50793203,0.00908521,=:ETH-USDC:thor1n5a08r0zvmqca39ka2tgwlkjy9ugalutk7fjpzptfppqcccnat2ska5t4g/thor1n5a08r0zvmqca39ka2tgwlkjy9ugalutk7fjpzptfppqcccnat2ska5t4g:0/1/1
25992920,2026-04-27,4A3A60A50EF4A35A79E66B26130C66C2AFB2BD2A5BBD86EFE47695F2CBAB4E8B,GAIA.ATOM,gaia-atom,thor1s8rxcvg83cwar87ehv4c866auxujkfj3k4wjkxkaren7vmvn9nass80ekp,478800146 GAIA-ATOM,1790452,0.01790452,0.50793203,0.00909428,=:ETH-USDC:thor1n5a08r0zvmqca39ka2tgwlkjy9ugalutk7fjpzptfppqcccnat2ska5t4g/thor1n5a08r0zvmqca39ka2tgwlkjy9ugalutk7fjpzptfppqcccnat2ska5t4g:0/1/1
25993122,2026-04-27,5AE82288413B2E90A1E10984E3BF9BEE1311059FD0C605DCD259522AABDC0FF6,ETH.USDC-0XA0B86991C6218B36C1D19D4A2E9EB0CE3606EB48,tcy,thor1kyjky2yprmamj0gfkevyc6tunxev0054gpxjap8k9vkyutkkf5lqyr0xxv,50566473717 THOR.RUNE,50570558,0.50570558,0.50793203,0.25686406,=:ETH-USDC:thor1n5a08r0zvmqca39ka2tgwlkjy9ugalutk7fjpzptfppqcccnat2ska5t4g/thor1n5a08r0zvmqca39ka2tgwlkjy9ugalutk7fjpzptfppqcccnat2ska5t4g:0/1/1
25993122,2026-04-27,DA3526E053AAB91A2932CB4535BB8671E562140E5973FFBF4B6F307AC09A1081,ETH.USDC-0XA0B86991C6218B36C1D19D4A2E9EB0CE3606EB48,tcy,thor1kyjky2yprmamj0gfkevyc6tunxev0054gpxjap8k9vkyutkkf5lqyr0xxv,8004617194 THOR.RUNE,8004719,0.08004719,0.50793203,0.04065853,=:ETH-USDC:thor1n5a08r0zvmqca39ka2tgwlkjy9ugalutk7fjpzptfppqcccnat2ska5t4g/thor1n5a08r0zvmqca39ka2tgwlkjy9ugalutk7fjpzptfppqcccnat2ska5t4g:0/1/1
25993122,2026-04-27,5AE82288413B2E90A1E10984E3BF9BEE1311059FD0C605DCD259522AABDC0FF6,THOR.TCY,tcy,thor1kyjky2yprmamj0gfkevyc6tunxev0054gpxjap8k9vkyutkkf5lqyr0xxv,180000000000 THOR.TCY,49066900,0.490669,0.50793203,0.2492265,=:ETH-USDC:thor1n5a08r0zvmqca39ka2tgwlkjy9ugalutk7fjpzptfppqcccnat2ska5t4g/thor1n5a08r0zvmqca39ka2tgwlkjy9ugalutk7fjpzptfppqcccnat2ska5t4g:0/1/1
25993122,2026-04-27,DA3526E053AAB91A2932CB4535BB8671E562140E5973FFBF4B6F307AC09A1081,THOR.TCY,tcy,thor1kyjky2yprmamj0gfkevyc6tunxev0054gpxjap8k9vkyutkkf5lqyr0xxv,28526706384 THOR.TCY,8012629,0.08012629,0.50793203,0.04069871,=:ETH-USDC:thor1n5a08r0zvmqca39ka2tgwlkjy9ugalutk7fjpzptfppqcccnat2ska5t4g/thor1n5a08r0zvmqca39ka2tgwlkjy9ugalutk7fjpzptfppqcccnat2ska5t4g:0/1/1
25996051,2026-04-27,8AA06EC60CEFB7E9E25A2E4F7B003DA443F7AC6F297DB62AE219261F915D9035,ETH.USDC-0XA0B86991C6218B36C1D19D4A2E9EB0CE3606EB48,xrp-xrp,thor14v89h32ztmfg9d230cjly7ac26fvdkhgq7nkntsw4uy2f3yh2v7qrz6hsw,462479100 THOR.RUNE,462479,0.00462479,0.50793203,0.00234908,=:ETH-USDC:thor1n5a08r0zvmqca39ka2tgwlkjy9ugalutk7fjpzptfppqcccnat2ska5t4g/thor1n5a08r0zvmqca39ka2tgwlkjy9ugalutk7fjpzptfppqcccnat2ska5t4g:0/1/1
25996051,2026-04-27,FA7CA869352AE9D8C4E1D157785855DD2B1171E0C4946B328F6E4926D1ABB117,ETH.USDC-0XA0B86991C6218B36C1D19D4A2E9EB0CE3606EB48,xrp-xrp,thor14v89h32ztmfg9d230cjly7ac26fvdkhgq7nkntsw4uy2f3yh2v7qrz6hsw,351771000 THOR.RUNE,351770,0.0035177,0.50793203,0.00178675,=:ETH-USDC:thor1n5a08r0zvmqca39ka2tgwlkjy9ugalutk7fjpzptfppqcccnat2ska5t4g/thor1n5a08r0zvmqca39ka2tgwlkjy9ugalutk7fjpzptfppqcccnat2ska5t4g:0/1/1
25996051,2026-04-27,8AA06EC60CEFB7E9E25A2E4F7B003DA443F7AC6F297DB62AE219261F915D9035,XRP.XRP,xrp-xrp,thor14v89h32ztmfg9d230cjly7ac26fvdkhgq7nkntsw4uy2f3yh2v7qrz6hsw,169650702 XRP-XRP,462942,0.00462942,0.50793203,0.00235143,=:ETH-USDC:thor1n5a08r0zvmqca39ka2tgwlkjy9ugalutk7fjpzptfppqcccnat2ska5t4g/thor1n5a08r0zvmqca39ka2tgwlkjy9ugalutk7fjpzptfppqcccnat2ska5t4g:0/1/1
25996051,2026-04-27,FA7CA869352AE9D8C4E1D157785855DD2B1171E0C4946B328F6E4926D1ABB117,XRP.XRP,xrp-xrp,thor14v89h32ztmfg9d230cjly7ac26fvdkhgq7nkntsw4uy2f3yh2v7qrz6hsw,129040865 XRP-XRP,352123,0.00352123,0.50793203,0.00178855,=:ETH-USDC:thor1n5a08r0zvmqca39ka2tgwlkjy9ugalutk7fjpzptfppqcccnat2ska5t4g/thor1n5a08r0zvmqca39ka2tgwlkjy9ugalutk7fjpzptfppqcccnat2ska5t4g:0/1/1
25996758,2026-04-27,C10B82D4C7B269C4FCEFA1B5A91F23D8742CB3C00545FDCEB05474B36611E376,BSC.BNB,bsc-bnb,thor1g49m6re9vgrte8twpgx0qcnvr92575tqhcgmnwq3g5s94msk4ersqsyw3x,1627808 BSC-BNB,1970776,0.01970776,0.50793203,0.0100102,=:ETH-USDC:thor1n5a08r0zvmqca39ka2tgwlkjy9ugalutk7fjpzptfppqcccnat2ska5t4g/thor1n5a08r0zvmqca39ka2tgwlkjy9ugalutk7fjpzptfppqcccnat2ska5t4g:0/1/1
25996758,2026-04-27,C10B82D4C7B269C4FCEFA1B5A91F23D8742CB3C00545FDCEB05474B36611E376,ETH.USDC-0XA0B86991C6218B36C1D19D4A2E9EB0CE3606EB48,bsc-bnb,thor1g49m6re9vgrte8twpgx0qcnvr92575tqhcgmnwq3g5s94msk4ersqsyw3x,1968805773 THOR.RUNE,1968811,0.01968811,0.50793203,0.01000022,=:ETH-USDC:thor1n5a08r0zvmqca39ka2tgwlkjy9ugalutk7fjpzptfppqcccnat2ska5t4g/thor1n5a08r0zvmqca39ka2tgwlkjy9ugalutk7fjpzptfppqcccnat2ska5t4g:0/1/1
25997061,2026-04-27,E814B875F2181B5C7A47D3BA637C331EC71F951B354765EB4315BB0A35293C33,BTC.BTC,btc-btc,thor1dwsnlqw3lfhamc5dz3r57hlsppx3a2n2d7kppccxfdhfazjh06rs5077sz,97955 BTC-BTC,14989848,0.14989848,0.50793203,0.07613824,=:ETH-USDC:thor1n5a08r0zvmqca39ka2tgwlkjy9ugalutk7fjpzptfppqcccnat2ska5t4g/thor1n5a08r0zvmqca39ka2tgwlkjy9ugalutk7fjpzptfppqcccnat2ska5t4g:0/1/1
25997061,2026-04-27,E814B875F2181B5C7A47D3BA637C331EC71F951B354765EB4315BB0A35293C33,ETH.USDC-0XA0B86991C6218B36C1D19D4A2E9EB0CE3606EB48,btc-btc,thor1dwsnlqw3lfhamc5dz3r57hlsppx3a2n2d7kppccxfdhfazjh06rs5077sz,14974858755 THOR.RUNE,14975218,0.14975218,0.50793203,0.07606393,=:ETH-USDC:thor1n5a08r0zvmqca39ka2tgwlkjy9ugalutk7fjpzptfppqcccnat2ska5t4g/thor1n5a08r0zvmqca39ka2tgwlkjy9ugalutk7fjpzptfppqcccnat2ska5t4g:0/1/1
25997566,2026-04-27,F786DD7793A825EEC9057C3C74563FF4E482A9E2893ABD69A56E6B3E78DB1E86,ETH.USDC-0XA0B86991C6218B36C1D19D4A2E9EB0CE3606EB48,eth-usdc-0xa0b86991c6218b36c1d19d4a2e9eb0ce3606eb48,thor1y8g3yhzmnwyt6g7jque36eyregf85kgtzem6dgzqxuzrpmzpumvqts7ud7,25000000000 ETH-USDC-0XA0B86991C6218B36C1D19D4A2E9EB0CE3606EB48,48990755,0.48990755,0.50793203,0.24883974,=:r:thor1n5a08r0zvmqca39ka2tgwlkjy9ugalutk7fjpzptfppqcccnat2ska5t4g/thor1n5a08r0zvmqca39ka2tgwlkjy9ugalutk7fjpzptfppqcccnat2ska5t4g:0/1/1
25998172,2026-04-27,9859688334729D4F51F269A517366F6602C04CAEEFA5D6FD2A3853CD2855525F,ETH.USDC-0XA0B86991C6218B36C1D19D4A2E9EB0CE3606EB48,tcy,thor1kyjky2yprmamj0gfkevyc6tunxev0054gpxjap8k9vkyutkkf5lqyr0xxv,50868322850 THOR.RUNE,50872462,0.50872462,0.50793203,0.25839753,=:ETH-USDC:thor1n5a08r0zvmqca39ka2tgwlkjy9ugalutk7fjpzptfppqcccnat2ska5t4g/thor1n5a08r0zvmqca39ka2tgwlkjy9ugalutk7fjpzptfppqcccnat2ska5t4g:0/1/1
25998172,2026-04-27,18DE5ED59572EC68E4FCFD0CA702961F7BADE989CA3FE327FCA68AE2D8CB7598,ETH.USDC-0XA0B86991C6218B36C1D19D4A2E9EB0CE3606EB48,tcy,thor1kyjky2yprmamj0gfkevyc6tunxev0054gpxjap8k9vkyutkkf5lqyr0xxv,282503747 THOR.RUNE,282504,0.00282504,0.50793203,0.00143493,=:ETH-USDC:thor1n5a08r0zvmqca39ka2tgwlkjy9ugalutk7fjpzptfppqcccnat2ska5t4g/thor1n5a08r0zvmqca39ka2tgwlkjy9ugalutk7fjpzptfppqcccnat2ska5t4g:0/1/1
25998172,2026-04-27,9859688334729D4F51F269A517366F6602C04CAEEFA5D6FD2A3853CD2855525F,THOR.TCY,tcy,thor1kyjky2yprmamj0gfkevyc6tunxev0054gpxjap8k9vkyutkkf5lqyr0xxv,180000000000 THOR.TCY,49507045,0.49507045,0.50793203,0.25146214,=:ETH-USDC:thor1n5a08r0zvmqca39ka2tgwlkjy9ugalutk7fjpzptfppqcccnat2ska5t4g/thor1n5a08r0zvmqca39ka2tgwlkjy9ugalutk7fjpzptfppqcccnat2ska5t4g:0/1/1
25998172,2026-04-27,18DE5ED59572EC68E4FCFD0CA702961F7BADE989CA3FE327FCA68AE2D8CB7598,THOR.TCY,tcy,thor1kyjky2yprmamj0gfkevyc6tunxev0054gpxjap8k9vkyutkkf5lqyr0xxv,1000659118 THOR.TCY,282786,0.00282786,0.50793203,0.00143636,=:ETH-USDC:thor1n5a08r0zvmqca39ka2tgwlkjy9ugalutk7fjpzptfppqcccnat2ska5t4g/thor1n5a08r0zvmqca39ka2tgwlkjy9ugalutk7fjpzptfppqcccnat2ska5t4g:0/1/1
26002111,2026-04-27,F46BDF1159AABCF2C915167B108DD540A87E4D6A550B60DBD434DBDD69340F4E,BTC.BTC,btc-btc,thor1dwsnlqw3lfhamc5dz3r57hlsppx3a2n2d7kppccxfdhfazjh06rs5077sz,1 BTC-BTC,153,0.00000153,0.50793203,0.00000078,=:ETH-USDC:thor1n5a08r0zvmqca39ka2tgwlkjy9ugalutk7fjpzptfppqcccnat2ska5t4g/thor1n5a08r0zvmqca39ka2tgwlkjy9ugalutk7fjpzptfppqcccnat2ska5t4g:0/1/1
26002111,2026-04-27,F46BDF1159AABCF2C915167B108DD540A87E4D6A550B60DBD434DBDD69340F4E,ETH.USDC-0XA0B86991C6218B36C1D19D4A2E9EB0CE3606EB48,btc-btc,thor1dwsnlqw3lfhamc5dz3r57hlsppx3a2n2d7kppccxfdhfazjh06rs5077sz,153791 THOR.RUNE,154,0.00000154,0.50793203,0.00000078,=:ETH-USDC:thor1n5a08r0zvmqca39ka2tgwlkjy9ugalutk7fjpzptfppqcccnat2ska5t4g/thor1n5a08r0zvmqca39ka2tgwlkjy9ugalutk7fjpzptfppqcccnat2ska5t4g:0/1/1
26002616,2026-04-27,973D8AD7920C35A1E3C4A8210F44C95B1BB44EC86889A1A296F4161B0A213009,ETH.USDC-0XA0B86991C6218B36C1D19D4A2E9EB0CE3606EB48,eth-usdc-0xa0b86991c6218b36c1d19d4a2e9eb0ce3606eb48,thor1y8g3yhzmnwyt6g7jque36eyregf85kgtzem6dgzqxuzrpmzpumvqts7ud7,25000000000 ETH-USDC-0XA0B86991C6218B36C1D19D4A2E9EB0CE3606EB48,49370038,0.49370038,0.50793203,0.25076624,=:r:thor1n5a08r0zvmqca39ka2tgwlkjy9ugalutk7fjpzptfppqcccnat2ska5t4g/thor1n5a08r0zvmqca39ka2tgwlkjy9ugalutk7fjpzptfppqcccnat2ska5t4g:0/1/1
26003222,2026-04-27,3F145E564B6465FC0D5DFA1F642FDFA690C057DA90F4B3B733D80F3645AE5AB3,ETH.USDC-0XA0B86991C6218B36C1D19D4A2E9EB0CE3606EB48,tcy,thor1kyjky2yprmamj0gfkevyc6tunxev0054gpxjap8k9vkyutkkf5lqyr0xxv,50230182994 THOR.RUNE,50234212,0.50234212,0.50793203,0.25515565,=:ETH-USDC:thor1n5a08r0zvmqca39ka2tgwlkjy9ugalutk7fjpzptfppqcccnat2ska5t4g/thor1n5a08r0zvmqca39ka2tgwlkjy9ugalutk7fjpzptfppqcccnat2ska5t4g:0/1/1
26003222,2026-04-27,3F145E564B6465FC0D5DFA1F642FDFA690C057DA90F4B3B733D80F3645AE5AB3,THOR.TCY,tcy,thor1kyjky2yprmamj0gfkevyc6tunxev0054gpxjap8k9vkyutkkf5lqyr0xxv,177988034291 THOR.TCY,48305563,0.48305563,0.50793203,0.24535943,=:ETH-USDC:thor1n5a08r0zvmqca39ka2tgwlkjy9ugalutk7fjpzptfppqcccnat2ska5t4g/thor1n5a08r0zvmqca39ka2tgwlkjy9ugalutk7fjpzptfppqcccnat2ska5t4g:0/1/1
26006050,2026-04-27,D85BDF297CC534CC35DCF7914340D075690FFC97CB3D57C7ED48F166283023B8,ETH.USDC-0XA0B86991C6218B36C1D19D4A2E9EB0CE3606EB48,x/ruji,thor17cawwg2lsnvcne69fek6nsqkf8snma6gc5ccceshul86rl0u3q4s5l5d0a,18504257007 THOR.RUNE,18504802,0.18504802,0.50793203,0.09399182,=:ETH-USDC:thor1n5a08r0zvmqca39ka2tgwlkjy9ugalutk7fjpzptfppqcccnat2ska5t4g/thor1n5a08r0zvmqca39ka2tgwlkjy9ugalutk7fjpzptfppqcccnat2ska5t4g:0/1/1
26006050,2026-04-27,D85BDF297CC534CC35DCF7914340D075690FFC97CB3D57C7ED48F166283023B8,THOR.RUJI,x/ruji,thor17cawwg2lsnvcne69fek6nsqkf8snma6gc5ccceshul86rl0u3q4s5l5d0a,31524870657 THOR.RUJI,18522779,0.18522779,0.50793203,0.09408313,=:ETH-USDC:thor1n5a08r0zvmqca39ka2tgwlkjy9ugalutk7fjpzptfppqcccnat2ska5t4g/thor1n5a08r0zvmqca39ka2tgwlkjy9ugalutk7fjpzptfppqcccnat2ska5t4g:0/1/1
26007666,2026-04-27,4276D97D9A9341B841F234521E9E6C0E5560D02086907802FB455BA8A2DCE53B,ETH.USDC-0XA0B86991C6218B36C1D19D4A2E9EB0CE3606EB48,eth-usdc-0xa0b86991c6218b36c1d19d4a2e9eb0ce3606eb48,thor1y8g3yhzmnwyt6g7jque36eyregf85kgtzem6dgzqxuzrpmzpumvqts7ud7,22921596031 ETH-USDC-0XA0B86991C6218B36C1D19D4A2E9EB0CE3606EB48,45145930,0.4514593,0.50793203,0.22931064,=:r:thor1n5a08r0zvmqca39ka2tgwlkjy9ugalutk7fjpzptfppqcccnat2ska5t4g/thor1n5a08r0zvmqca39ka2tgwlkjy9ugalutk7fjpzptfppqcccnat2ska5t4g:0/1/1
26008272,2026-04-27,AA6BA31E845BC41EDC64CC249EA9B5B07865E909E75E75E037C4287D125C7816,ETH.USDC-0XA0B86991C6218B36C1D19D4A2E9EB0CE3606EB48,tcy,thor1kyjky2yprmamj0gfkevyc6tunxev0054gpxjap8k9vkyutkkf5lqyr0xxv,50606120941 THOR.RUNE,50610221,0.50610221,0.50793203,0.25706552,=:ETH-USDC:thor1n5a08r0zvmqca39ka2tgwlkjy9ugalutk7fjpzptfppqcccnat2ska5t4g/thor1n5a08r0zvmqca39ka2tgwlkjy9ugalutk7fjpzptfppqcccnat2ska5t4g:0/1/1
26008272,2026-04-27,2CC7D7852BB53D755BE854089052FA44DF49CFAB097022393EB5DB1E07050EEE,ETH.USDC-0XA0B86991C6218B36C1D19D4A2E9EB0CE3606EB48,tcy,thor1kyjky2yprmamj0gfkevyc6tunxev0054gpxjap8k9vkyutkkf5lqyr0xxv,269742334 THOR.RUNE,269741,0.00269741,0.50793203,0.0013701,=:ETH-USDC:thor1n5a08r0zvmqca39ka2tgwlkjy9ugalutk7fjpzptfppqcccnat2ska5t4g/thor1n5a08r0zvmqca39ka2tgwlkjy9ugalutk7fjpzptfppqcccnat2ska5t4g:0/1/1
26008272,2026-04-27,AA6BA31E845BC41EDC64CC249EA9B5B07865E909E75E75E037C4287D125C7816,THOR.TCY,tcy,thor1kyjky2yprmamj0gfkevyc6tunxev0054gpxjap8k9vkyutkkf5lqyr0xxv,180000000000 THOR.TCY,49124637,0.49124637,0.50793203,0.24951976,=:ETH-USDC:thor1n5a08r0zvmqca39ka2tgwlkjy9ugalutk7fjpzptfppqcccnat2ska5t4g/thor1n5a08r0zvmqca39ka2tgwlkjy9ugalutk7fjpzptfppqcccnat2ska5t4g:0/1/1
26008272,2026-04-27,2CC7D7852BB53D755BE854089052FA44DF49CFAB097022393EB5DB1E07050EEE,THOR.TCY,tcy,thor1kyjky2yprmamj0gfkevyc6tunxev0054gpxjap8k9vkyutkkf5lqyr0xxv,960407020 THOR.TCY,270012,0.00270012,0.50793203,0.00137148,=:ETH-USDC:thor1n5a08r0zvmqca39ka2tgwlkjy9ugalutk7fjpzptfppqcccnat2ska5t4g/thor1n5a08r0zvmqca39ka2tgwlkjy9ugalutk7fjpzptfppqcccnat2ska5t4g:0/1/1
26011100,2026-04-27,910C58EB11E2BDE9CFD6714EA087EEBF09C28DF4E8EE3BC6DE9E1A0B391089B2,ETH.USDC-0XA0B86991C6218B36C1D19D4A2E9EB0CE3606EB48,x/ruji,thor17cawwg2lsnvcne69fek6nsqkf8snma6gc5ccceshul86rl0u3q4s5l5d0a,29832036204 THOR.RUNE,29833461,0.29833461,0.50793203,0.1515337,=:ETH-USDC:thor1n5a08r0zvmqca39ka2tgwlkjy9ugalutk7fjpzptfppqcccnat2ska5t4g/thor1n5a08r0zvmqca39ka2tgwlkjy9ugalutk7fjpzptfppqcccnat2ska5t4g:0/1/1
26011100,2026-04-27,910C58EB11E2BDE9CFD6714EA087EEBF09C28DF4E8EE3BC6DE9E1A0B391089B2,THOR.RUJI,x/ruji,thor17cawwg2lsnvcne69fek6nsqkf8snma6gc5ccceshul86rl0u3q4s5l5d0a,48714858735 THOR.RUJI,29861898,0.29861898,0.50793203,0.15167814,=:ETH-USDC:thor1n5a08r0zvmqca39ka2tgwlkjy9ugalutk7fjpzptfppqcccnat2ska5t4g/thor1n5a08r0zvmqca39ka2tgwlkjy9ugalutk7fjpzptfppqcccnat2ska5t4g:0/1/1
26012716,2026-04-27,F4462F6C502A37406853B8E309716DC543ACF48D5C66E7497CBD7B49C5E0B9C5,ETH.USDC-0XA0B86991C6218B36C1D19D4A2E9EB0CE3606EB48,eth-usdc-0xa0b86991c6218b36c1d19d4a2e9eb0ce3606eb48,thor1y8g3yhzmnwyt6g7jque36eyregf85kgtzem6dgzqxuzrpmzpumvqts7ud7,25000000000 ETH-USDC-0XA0B86991C6218B36C1D19D4A2E9EB0CE3606EB48,48960651,0.48960651,0.50793203,0.24868683,=:r:thor1n5a08r0zvmqca39ka2tgwlkjy9ugalutk7fjpzptfppqcccnat2ska5t4g/thor1n5a08r0zvmqca39ka2tgwlkjy9ugalutk7fjpzptfppqcccnat2ska5t4g:0/1/1
26012716,2026-04-27,BD559CCCE3E99B7B105403A80DF7D9DA7129053AC26CBF962683E8C724234BDB,ETH.USDC-0XA0B86991C6218B36C1D19D4A2E9EB0CE3606EB48,eth-usdc-0xa0b86991c6218b36c1d19d4a2e9eb0ce3606eb48,thor1y8g3yhzmnwyt6g7jque36eyregf85kgtzem6dgzqxuzrpmzpumvqts7ud7,343248930 ETH-USDC-0XA0B86991C6218B36C1D19D4A2E9EB0CE3606EB48,672174,0.00672174,0.50793203,0.00341419,=:r:thor1n5a08r0zvmqca39ka2tgwlkjy9ugalutk7fjpzptfppqcccnat2ska5t4g/thor1n5a08r0zvmqca39ka2tgwlkjy9ugalutk7fjpzptfppqcccnat2ska5t4g:0/1/1
26013322,2026-04-27,677F048765DD8E620F899A1DCA3725AD5AF5D6062B4F55E4F78162A56BD36E6D,ETH.USDC-0XA0B86991C6218B36C1D19D4A2E9EB0CE3606EB48,tcy,thor1kyjky2yprmamj0gfkevyc6tunxev0054gpxjap8k9vkyutkkf5lqyr0xxv,49633011857 THOR.RUNE,49636961,0.49636961,0.50793203,0.25212202,=:ETH-USDC:thor1n5a08r0zvmqca39ka2tgwlkjy9ugalutk7fjpzptfppqcccnat2ska5t4g/thor1n5a08r0zvmqca39ka2tgwlkjy9ugalutk7fjpzptfppqcccnat2ska5t4g:0/1/1
26013322,2026-04-27,677F048765DD8E620F899A1DCA3725AD5AF5D6062B4F55E4F78162A56BD36E6D,THOR.TCY,tcy,thor1kyjky2yprmamj0gfkevyc6tunxev0054gpxjap8k9vkyutkkf5lqyr0xxv,176793051568 THOR.TCY,47286728,0.47286728,0.50793203,0.24018444,=:ETH-USDC:thor1n5a08r0zvmqca39ka2tgwlkjy9ugalutk7fjpzptfppqcccnat2ska5t4g/thor1n5a08r0zvmqca39ka2tgwlkjy9ugalutk7fjpzptfppqcccnat2ska5t4g:0/1/1
26016150,2026-04-27,B42B6712DD337960CDBD001AEF923B57738338D8649F2DB6F8F016BCBA27BC13,ETH.USDC-0XA0B86991C6218B36C1D19D4A2E9EB0CE3606EB48,x/ruji,thor17cawwg2lsnvcne69fek6nsqkf8snma6gc5ccceshul86rl0u3q4s5l5d0a,30206581057 THOR.RUNE,30208035,0.30208035,0.50793203,0.15343628,=:ETH-USDC:thor1n5a08r0zvmqca39ka2tgwlkjy9ugalutk7fjpzptfppqcccnat2ska5t4g/thor1n5a08r0zvmqca39ka2tgwlkjy9ugalutk7fjpzptfppqcccnat2ska5t4g:0/1/1
26016150,2026-04-27,B42B6712DD337960CDBD001AEF923B57738338D8649F2DB6F8F016BCBA27BC13,THOR.RUJI,x/ruji,thor17cawwg2lsnvcne69fek6nsqkf8snma6gc5ccceshul86rl0u3q4s5l5d0a,48968001065 THOR.RUJI,30236817,0.30236817,0.50793203,0.15358248,=:ETH-USDC:thor1n5a08r0zvmqca39ka2tgwlkjy9ugalutk7fjpzptfppqcccnat2ska5t4g/thor1n5a08r0zvmqca39ka2tgwlkjy9ugalutk7fjpzptfppqcccnat2ska5t4g:0/1/1
26017766,2026-04-27,09E9869431C0AB904DE7B2AC420707A3B787CF8B959E8FAEC455A158D2141268,ETH.USDC-0XA0B86991C6218B36C1D19D4A2E9EB0CE3606EB48,eth-usdc-0xa0b86991c6218b36c1d19d4a2e9eb0ce3606eb48,thor1y8g3yhzmnwyt6g7jque36eyregf85kgtzem6dgzqxuzrpmzpumvqts7ud7,25000000000 ETH-USDC-0XA0B86991C6218B36C1D19D4A2E9EB0CE3606EB48,49246875,0.49246875,0.50793203,0.25014065,=:r:thor1n5a08r0zvmqca39ka2tgwlkjy9ugalutk7fjpzptfppqcccnat2ska5t4g/thor1n5a08r0zvmqca39ka2tgwlkjy9ugalutk7fjpzptfppqcccnat2ska5t4g:0/1/1
26018372,2026-04-27,75480CF11D9682B7A061B00D2EEB302AF52C60700CF89DD240B4CB7DB1F564D1,ETH.USDC-0XA0B86991C6218B36C1D19D4A2E9EB0CE3606EB48,tcy,thor1kyjky2yprmamj0gfkevyc6tunxev0054gpxjap8k9vkyutkkf5lqyr0xxv,47674821002 THOR.RUNE,47678461,0.47678461,0.50793203,0.24217417,=:ETH-USDC:thor1n5a08r0zvmqca39ka2tgwlkjy9ugalutk7fjpzptfppqcccnat2ska5t4g/thor1n5a08r0zvmqca39ka2tgwlkjy9ugalutk7fjpzptfppqcccnat2ska5t4g:0/1/1
26018372,2026-04-27,7313E48CEAFD6BF922468AA063133B0D01BC5A509F9FE23E9BFF93EA01A84CDB,ETH.USDC-0XA0B86991C6218B36C1D19D4A2E9EB0CE3606EB48,tcy,thor1kyjky2yprmamj0gfkevyc6tunxev0054gpxjap8k9vkyutkkf5lqyr0xxv,1571218599 ETH-USDC-0XA0B86991C6218B36C1D19D4A2E9EB0CE3606EB48,3083249,0.03083249,0.50793203,0.01566081,=:THOR.TCY:thor1n5a08r0zvmqca39ka2tgwlkjy9ugalutk7fjpzptfppqcccnat2ska5t4g/thor1n5a08r0zvmqca39ka2tgwlkjy9ugalutk7fjpzptfppqcccnat2ska5t4g:0/1/1
26018372,2026-04-27,75480CF11D9682B7A061B00D2EEB302AF52C60700CF89DD240B4CB7DB1F564D1,THOR.TCY,tcy,thor1kyjky2yprmamj0gfkevyc6tunxev0054gpxjap8k9vkyutkkf5lqyr0xxv,172930523138 THOR.TCY,47722543,0.47722543,0.50793203,0.24239808,=:ETH-USDC:thor1n5a08r0zvmqca39ka2tgwlkjy9ugalutk7fjpzptfppqcccnat2ska5t4g/thor1n5a08r0zvmqca39ka2tgwlkjy9ugalutk7fjpzptfppqcccnat2ska5t4g:0/1/1
26018372,2026-04-27,7313E48CEAFD6BF922468AA063133B0D01BC5A509F9FE23E9BFF93EA01A84CDB,THOR.TCY,tcy,thor1kyjky2yprmamj0gfkevyc6tunxev0054gpxjap8k9vkyutkkf5lqyr0xxv,3080166100 THOR.RUNE,3080350,0.0308035,0.50793203,0.01564608,=:THOR.TCY:thor1n5a08r0zvmqca39ka2tgwlkjy9ugalutk7fjpzptfppqcccnat2ska5t4g/thor1n5a08r0zvmqca39ka2tgwlkjy9ugalutk7fjpzptfppqcccnat2ska5t4g:0/1/1
26021200,2026-04-27,FF27426AA15970385FB4A4D1DBD5C94A3510E1823D53202BF6527EBA58A2A758,ETH.USDC-0XA0B86991C6218B36C1D19D4A2E9EB0CE3606EB48,x/ruji,thor17cawwg2lsnvcne69fek6nsqkf8snma6gc5ccceshul86rl0u3q4s5l5d0a,31787635414 THOR.RUNE,31789263,0.31789263,0.50793203,0.16146785,=:ETH-USDC:thor1n5a08r0zvmqca39ka2tgwlkjy9ugalutk7fjpzptfppqcccnat2ska5t4g/thor1n5a08r0zvmqca39ka2tgwlkjy9ugalutk7fjpzptfppqcccnat2ska5t4g:0/1/1
26021200,2026-04-27,0863A3CA3D67A488C1F10F7A13DCED9C12B492FFBAD3902F74926C58B446DBE6,ETH.USDC-0XA0B86991C6218B36C1D19D4A2E9EB0CE3606EB48,x/ruji,thor17cawwg2lsnvcne69fek6nsqkf8snma6gc5ccceshul86rl0u3q4s5l5d0a,6354 THOR.RUNE,6,0.00000006,0.50793203,0.00000003,=:ETH-USDC:thor1n5a08r0zvmqca39ka2tgwlkjy9ugalutk7fjpzptfppqcccnat2ska5t4g/thor1n5a08r0zvmqca39ka2tgwlkjy9ugalutk7fjpzptfppqcccnat2ska5t4g:0/1/1
26021200,2026-04-27,FF27426AA15970385FB4A4D1DBD5C94A3510E1823D53202BF6527EBA58A2A758,THOR.RUJI,x/ruji,thor17cawwg2lsnvcne69fek6nsqkf8snma6gc5ccceshul86rl0u3q4s5l5d0a,50000000000 THOR.RUJI,31819454,0.31819454,0.50793203,0.1616212,=:ETH-USDC:thor1n5a08r0zvmqca39ka2tgwlkjy9ugalutk7fjpzptfppqcccnat2ska5t4g/thor1n5a08r0zvmqca39ka2tgwlkjy9ugalutk7fjpzptfppqcccnat2ska5t4g:0/1/1
26021200,2026-04-27,0863A3CA3D67A488C1F10F7A13DCED9C12B492FFBAD3902F74926C58B446DBE6,THOR.RUJI,x/ruji,thor17cawwg2lsnvcne69fek6nsqkf8snma6gc5ccceshul86rl0u3q4s5l5d0a,10000 THOR.RUJI,6,0.00000006,0.50793203,0.00000003,=:ETH-USDC:thor1n5a08r0zvmqca39ka2tgwlkjy9ugalutk7fjpzptfppqcccnat2ska5t4g/thor1n5a08r0zvmqca39ka2tgwlkjy9ugalutk7fjpzptfppqcccnat2ska5t4g:0/1/1
26022311,2026-04-27,FB94A2E82A630EE6722C29EEBE5690E42247B5CC9759D881DB48FAEC52518ED2,BTC.BTC,btc-btc,thor1dwsnlqw3lfhamc5dz3r57hlsppx3a2n2d7kppccxfdhfazjh06rs5077sz,1 BTC-BTC,151,0.00000151,0.50793203,0.00000077,=:ETH-USDC:thor1n5a08r0zvmqca39ka2tgwlkjy9ugalutk7fjpzptfppqcccnat2ska5t4g/thor1n5a08r0zvmqca39ka2tgwlkjy9ugalutk7fjpzptfppqcccnat2ska5t4g:0/1/1
26022311,2026-04-27,FB94A2E82A630EE6722C29EEBE5690E42247B5CC9759D881DB48FAEC52518ED2,ETH.USDC-0XA0B86991C6218B36C1D19D4A2E9EB0CE3606EB48,btc-btc,thor1dwsnlqw3lfhamc5dz3r57hlsppx3a2n2d7kppccxfdhfazjh06rs5077sz,151592 THOR.RUNE,150,0.0000015,0.50793203,0.00000076,=:ETH-USDC:thor1n5a08r0zvmqca39ka2tgwlkjy9ugalutk7fjpzptfppqcccnat2ska5t4g/thor1n5a08r0zvmqca39ka2tgwlkjy9ugalutk7fjpzptfppqcccnat2ska5t4g:0/1/1
26022816,2026-04-27,031F3B9F24E0EE3F37052BA2BA8C4FCB11AE2167E6F2619B393C9E944D481D28,ETH.USDC-0XA0B86991C6218B36C1D19D4A2E9EB0CE3606EB48,eth-usdc-0xa0b86991c6218b36c1d19d4a2e9eb0ce3606eb48,thor1y8g3yhzmnwyt6g7jque36eyregf85kgtzem6dgzqxuzrpmzpumvqts7ud7,19720900850 ETH-USDC-0XA0B86991C6218B36C1D19D4A2E9EB0CE3606EB48,38176455,0.38176455,0.50793203,0.19391044,=:r:thor1n5a08r0zvmqca39ka2tgwlkjy9ugalutk7fjpzptfppqcccnat2ska5t4g/thor1n5a08r0zvmqca39ka2tgwlkjy9ugalutk7fjpzptfppqcccnat2ska5t4g:0/1/1
26022816,2026-04-27,34026C9C2C0D823E6D9646DBCC6DB5E46B4BA23BEE383A2C43463FF3A1A118BD,ETH.USDC-0XA0B86991C6218B36C1D19D4A2E9EB0CE3606EB48,eth-usdc-0xa0b86991c6218b36c1d19d4a2e9eb0ce3606eb48,thor1y8g3yhzmnwyt6g7jque36eyregf85kgtzem6dgzqxuzrpmzpumvqts7ud7,1581537885 THOR.RUNE,1581540,0.0158154,0.50793203,0.00803315,=:ETH-USDC:thor1n5a08r0zvmqca39ka2tgwlkjy9ugalutk7fjpzptfppqcccnat2ska5t4g/thor1n5a08r0zvmqca39ka2tgwlkjy9ugalutk7fjpzptfppqcccnat2ska5t4g:0/1/1
26023220,2026-04-27,C8AB1D748589C8E5BCFD506D5386908FD34A18712997A8612053C0E5C2B6A95C,ETH.USDC-0XA0B86991C6218B36C1D19D4A2E9EB0CE3606EB48,gaia-atom,thor1s8rxcvg83cwar87ehv4c866auxujkfj3k4wjkxkaren7vmvn9nass80ekp,209400 THOR.RUNE,209,0.00000209,0.50793203,0.00000106,=:ETH-USDC:thor1n5a08r0zvmqca39ka2tgwlkjy9ugalutk7fjpzptfppqcccnat2ska5t4g/thor1n5a08r0zvmqca39ka2tgwlkjy9ugalutk7fjpzptfppqcccnat2ska5t4g:0/1/1
26023220,2026-04-27,C8AB1D748589C8E5BCFD506D5386908FD34A18712997A8612053C0E5C2B6A95C,GAIA.ATOM,gaia-atom,thor1s8rxcvg83cwar87ehv4c866auxujkfj3k4wjkxkaren7vmvn9nass80ekp,57441 GAIA-ATOM,209,0.00000209,0.50793203,0.00000106,=:ETH-USDC:thor1n5a08r0zvmqca39ka2tgwlkjy9ugalutk7fjpzptfppqcccnat2ska5t4g/thor1n5a08r0zvmqca39ka2tgwlkjy9ugalutk7fjpzptfppqcccnat2ska5t4g:0/1/1
26023422,2026-04-27,C5C70D34EF16E401319772BFD8398361E36AF4BAB7CF965F9113D4555CBFF17E,ETH.USDC-0XA0B86991C6218B36C1D19D4A2E9EB0CE3606EB48,tcy,thor1kyjky2yprmamj0gfkevyc6tunxev0054gpxjap8k9vkyutkkf5lqyr0xxv,48350660593 THOR.RUNE,48354430,0.4835443,0.50793203,0.24560764,=:ETH-USDC:thor1n5a08r0zvmqca39ka2tgwlkjy9ugalutk7fjpzptfppqcccnat2ska5t4g/thor1n5a08r0zvmqca39ka2tgwlkjy9ugalutk7fjpzptfppqcccnat2ska5t4g:0/1/1
26023422,2026-04-27,14E4DC1F3151E14037C6A51166B923DC3F742A7FC0501E6C4011CECE91C22092,ETH.USDC-0XA0B86991C6218B36C1D19D4A2E9EB0CE3606EB48,tcy,thor1kyjky2yprmamj0gfkevyc6tunxev0054gpxjap8k9vkyutkkf5lqyr0xxv,7830010542 THOR.RUNE,7830108,0.07830108,0.50793203,0.03977163,=:ETH-USDC:thor1n5a08r0zvmqca39ka2tgwlkjy9ugalutk7fjpzptfppqcccnat2ska5t4g/thor1n5a08r0zvmqca39ka2tgwlkjy9ugalutk7fjpzptfppqcccnat2ska5t4g:0/1/1
26023422,2026-04-27,C5C70D34EF16E401319772BFD8398361E36AF4BAB7CF965F9113D4555CBFF17E,THOR.TCY,tcy,thor1kyjky2yprmamj0gfkevyc6tunxev0054gpxjap8k9vkyutkkf5lqyr0xxv,180000000000 THOR.TCY,46037329,0.46037329,0.50793203,0.23383834,=:ETH-USDC:thor1n5a08r0zvmqca39ka2tgwlkjy9ugalutk7fjpzptfppqcccnat2ska5t4g/thor1n5a08r0zvmqca39ka2tgwlkjy9ugalutk7fjpzptfppqcccnat2ska5t4g:0/1/1
26023422,2026-04-27,14E4DC1F3151E14037C6A51166B923DC3F742A7FC0501E6C4011CECE91C22092,THOR.TCY,tcy,thor1kyjky2yprmamj0gfkevyc6tunxev0054gpxjap8k9vkyutkkf5lqyr0xxv,29183268150 THOR.TCY,7837848,0.07837848,0.50793203,0.03981094,=:ETH-USDC:thor1n5a08r0zvmqca39ka2tgwlkjy9ugalutk7fjpzptfppqcccnat2ska5t4g/thor1n5a08r0zvmqca39ka2tgwlkjy9ugalutk7fjpzptfppqcccnat2ska5t4g:0/1/1
26027866,2026-05-04,22E5ED656AC2FDBA0F5A23849BF6DB30FC146CE7F5EFA44CE47F156A4A44DE5F,ETH.USDC-0XA0B86991C6218B36C1D19D4A2E9EB0CE3606EB48,eth-usdc-0xa0b86991c6218b36c1d19d4a2e9eb0ce3606eb48,thor1y8g3yhzmnwyt6g7jque36eyregf85kgtzem6dgzqxuzrpmzpumvqts7ud7,12922469830 ETH-USDC-0XA0B86991C6218B36C1D19D4A2E9EB0CE3606EB48,24895438,0.24895438,0.55166679,0.13733986,=:r:thor1n5a08r0zvmqca39ka2tgwlkjy9ugalutk7fjpzptfppqcccnat2ska5t4g/thor1n5a08r0zvmqca39ka2tgwlkjy9ugalutk7fjpzptfppqcccnat2ska5t4g:0/1/1
26028371,2026-05-04,87B50C6B8D5BCB7B511D79DA186A8152944054D716FCAB29A4B884A48A4B6F4C,ETH.USDC-0XA0B86991C6218B36C1D19D4A2E9EB0CE3606EB48,ltc-ltc,thor1ks9qq0nwv7qxtnznesys6ylflwruqlf85er6zls4erwgzkvw0m0qs3rghz,1920732345 THOR.RUNE,1920737,0.01920737,0.55166679,0.01059607,=:ETH-USDC:thor1n5a08r0zvmqca39ka2tgwlkjy9ugalutk7fjpzptfppqcccnat2ska5t4g/thor1n5a08r0zvmqca39ka2tgwlkjy9ugalutk7fjpzptfppqcccnat2ska5t4g:0/1/1
26028371,2026-05-04,87B50C6B8D5BCB7B511D79DA186A8152944054D716FCAB29A4B884A48A4B6F4C,LTC.LTC,ltc-ltc,thor1ks9qq0nwv7qxtnznesys6ylflwruqlf85er6zls4erwgzkvw0m0qs3rghz,18186263 LTC-LTC,1922655,0.01922655,0.55166679,0.01060665,=:ETH-USDC:thor1n5a08r0zvmqca39ka2tgwlkjy9ugalutk7fjpzptfppqcccnat2ska5t4g/thor1n5a08r0zvmqca39ka2tgwlkjy9ugalutk7fjpzptfppqcccnat2ska5t4g:0/1/1
26028472,2026-05-04,7CE223D5A56C3599113E0D3E86A68D14E35CBF6A6E2327F5E581598EF9A1AADD,ETH.USDC-0XA0B86991C6218B36C1D19D4A2E9EB0CE3606EB48,tcy,thor1kyjky2yprmamj0gfkevyc6tunxev0054gpxjap8k9vkyutkkf5lqyr0xxv,52714797158 THOR.RUNE,52719334,0.52719334,0.55166679,0.29083506,=:ETH-USDC:thor1n5a08r0zvmqca39ka2tgwlkjy9ugalutk7fjpzptfppqcccnat2ska5t4g/thor1n5a08r0zvmqca39ka2tgwlkjy9ugalutk7fjpzptfppqcccnat2ska5t4g:0/1/1
26028472,2026-05-04,4F7AE9ABAE6BB9280487050425E401F40B2DD3573AAD3F03046E7808B4FCBA94,ETH.USDC-0XA0B86991C6218B36C1D19D4A2E9EB0CE3606EB48,tcy,thor1kyjky2yprmamj0gfkevyc6tunxev0054gpxjap8k9vkyutkkf5lqyr0xxv,48033155024 THOR.RUNE,48036920,0.4803692,0.55166679,0.26500374,=:ETH-USDC:thor1n5a08r0zvmqca39ka2tgwlkjy9ugalutk7fjpzptfppqcccnat2ska5t4g/thor1n5a08r0zvmqca39ka2tgwlkjy9ugalutk7fjpzptfppqcccnat2ska5t4g:0/1/1
26028472,2026-05-04,7CE223D5A56C3599113E0D3E86A68D14E35CBF6A6E2327F5E581598EF9A1AADD,THOR.TCY,tcy,thor1kyjky2yprmamj0gfkevyc6tunxev0054gpxjap8k9vkyutkkf5lqyr0xxv,197159382573 THOR.TCY,54854992,0.54854992,0.55166679,0.30261677,=:ETH-USDC:thor1n5a08r0zvmqca39ka2tgwlkjy9ugalutk7fjpzptfppqcccnat2ska5t4g/thor1n5a08r0zvmqca39ka2tgwlkjy9ugalutk7fjpzptfppqcccnat2ska5t4g:0/1/1
26028472,2026-05-04,4F7AE9ABAE6BB9280487050425E401F40B2DD3573AAD3F03046E7808B4FCBA94,THOR.TCY,tcy,thor1kyjky2yprmamj0gfkevyc6tunxev0054gpxjap8k9vkyutkkf5lqyr0xxv,180000000000 THOR.TCY,48081236,0.48081236,0.55166679,0.26524821,=:ETH-USDC:thor1n5a08r0zvmqca39ka2tgwlkjy9ugalutk7fjpzptfppqcccnat2ska5t4g/thor1n5a08r0zvmqca39ka2tgwlkjy9ugalutk7fjpzptfppqcccnat2ska5t4g:0/1/1
26032916,2026-05-04,67B07B002D59B0BFD8F338CB51A5FC131C630F74BDFA5E98071AE81D9F266CAF,ETH.USDC-0XA0B86991C6218B36C1D19D4A2E9EB0CE3606EB48,eth-usdc-0xa0b86991c6218b36c1d19d4a2e9eb0ce3606eb48,thor1y8g3yhzmnwyt6g7jque36eyregf85kgtzem6dgzqxuzrpmzpumvqts7ud7,25000000000 ETH-USDC-0XA0B86991C6218B36C1D19D4A2E9EB0CE3606EB48,48157396,0.48157396,0.55166679,0.26566836,=:r:thor1n5a08r0zvmqca39ka2tgwlkjy9ugalutk7fjpzptfppqcccnat2ska5t4g/thor1n5a08r0zvmqca39ka2tgwlkjy9ugalutk7fjpzptfppqcccnat2ska5t4g:0/1/1
26032916,2026-05-04,4CD3E2369DAE8214DB008F0D0E36CDC05493F819C655AC29B44B8A60AFDFA635,ETH.USDC-0XA0B86991C6218B36C1D19D4A2E9EB0CE3606EB48,eth-usdc-0xa0b86991c6218b36c1d19d4a2e9eb0ce3606eb48,thor1y8g3yhzmnwyt6g7jque36eyregf85kgtzem6dgzqxuzrpmzpumvqts7ud7,20605772594 ETH-USDC-0XA0B86991C6218B36C1D19D4A2E9EB0CE3606EB48,39687171,0.39687171,0.55166679,0.21894094,=:r:thor1n5a08r0zvmqca39ka2tgwlkjy9ugalutk7fjpzptfppqcccnat2ska5t4g/thor1n5a08r0zvmqca39ka2tgwlkjy9ugalutk7fjpzptfppqcccnat2ska5t4g:0/1/1
26033522,2026-05-04,75939423444C00DED8E9175A844437454B03D046BA89A84D93BCCEF3DB33DD80,ETH.USDC-0XA0B86991C6218B36C1D19D4A2E9EB0CE3606EB48,tcy,thor1kyjky2yprmamj0gfkevyc6tunxev0054gpxjap8k9vkyutkkf5lqyr0xxv,46654237392 THOR.RUNE,46657763,0.46657763,0.55166679,0.25739538,=:ETH-USDC:thor1n5a08r0zvmqca39ka2tgwlkjy9ugalutk7fjpzptfppqcccnat2ska5t4g/thor1n5a08r0zvmqca39ka2tgwlkjy9ugalutk7fjpzptfppqcccnat2ska5t4g:0/1/1
26033522,2026-05-04,FB679EA9EE3E08086D12BDA2732AF710E0B6A222D5CED458BFF1824D0A73EA45,ETH.USDC-0XA0B86991C6218B36C1D19D4A2E9EB0CE3606EB48,tcy,thor1kyjky2yprmamj0gfkevyc6tunxev0054gpxjap8k9vkyutkkf5lqyr0xxv,1601609542 ETH-USDC-0XA0B86991C6218B36C1D19D4A2E9EB0CE3606EB48,3071785,0.03071785,0.55166679,0.01694602,=:THOR.TCY:thor1n5a08r0zvmqca39ka2tgwlkjy9ugalutk7fjpzptfppqcccnat2ska5t4g/thor1n5a08r0zvmqca39ka2tgwlkjy9ugalutk7fjpzptfppqcccnat2ska5t4g:0/1/1
26033522,2026-05-04,75939423444C00DED8E9175A844437454B03D046BA89A84D93BCCEF3DB33DD80,THOR.TCY,tcy,thor1kyjky2yprmamj0gfkevyc6tunxev0054gpxjap8k9vkyutkkf5lqyr0xxv,172933559053 THOR.TCY,46700938,0.46700938,0.55166679,0.25763357,=:ETH-USDC:thor1n5a08r0zvmqca39ka2tgwlkjy9ugalutk7fjpzptfppqcccnat2ska5t4g/thor1n5a08r0zvmqca39ka2tgwlkjy9ugalutk7fjpzptfppqcccnat2ska5t4g:0/1/1
26033522,2026-05-04,FB679EA9EE3E08086D12BDA2732AF710E0B6A222D5CED458BFF1824D0A73EA45,THOR.TCY,tcy,thor1kyjky2yprmamj0gfkevyc6tunxev0054gpxjap8k9vkyutkkf5lqyr0xxv,3068713600 THOR.RUNE,3068898,0.03068898,0.55166679,0.01693009,=:THOR.TCY:thor1n5a08r0zvmqca39ka2tgwlkjy9ugalutk7fjpzptfppqcccnat2ska5t4g/thor1n5a08r0zvmqca39ka2tgwlkjy9ugalutk7fjpzptfppqcccnat2ska5t4g:0/1/1
26036350,2026-05-04,9B0E82EE252E87E024F1C06F13A88002BDA72130EAD268C2FD05A82901C25F12,ETH.USDC-0XA0B86991C6218B36C1D19D4A2E9EB0CE3606EB48,x/ruji,thor17cawwg2lsnvcne69fek6nsqkf8snma6gc5ccceshul86rl0u3q4s5l5d0a,33987056106 THOR.RUNE,33988929,0.33988929,0.55166679,0.18750563,=:ETH-USDC:thor1n5a08r0zvmqca39ka2tgwlkjy9ugalutk7fjpzptfppqcccnat2ska5t4g/thor1n5a08r0zvmqca39ka2tgwlkjy9ugalutk7fjpzptfppqcccnat2ska5t4g:0/1/1
26036350,2026-05-04,9B0E82EE252E87E024F1C06F13A88002BDA72130EAD268C2FD05A82901C25F12,THOR.RUJI,x/ruji,thor17cawwg2lsnvcne69fek6nsqkf8snma6gc5ccceshul86rl0u3q4s5l5d0a,50000000000 THOR.RUJI,34021077,0.34021077,0.55166679,0.18768298,=:ETH-USDC:thor1n5a08r0zvmqca39ka2tgwlkjy9ugalutk7fjpzptfppqcccnat2ska5t4g/thor1n5a08r0zvmqca39ka2tgwlkjy9ugalutk7fjpzptfppqcccnat2ska5t4g:0/1/1
26036451,2026-05-04,3502DED8F824DF56A40A4DC894ABAC0C16F2BDF5A8550D3FAD76AF9D0A168F8B,ETH.USDC-0XA0B86991C6218B36C1D19D4A2E9EB0CE3606EB48,xrp-xrp,thor14v89h32ztmfg9d230cjly7ac26fvdkhgq7nkntsw4uy2f3yh2v7qrz6hsw,1890787700 THOR.RUNE,1890792,0.01890792,0.55166679,0.01043087,=:ETH-USDC:thor1n5a08r0zvmqca39ka2tgwlkjy9ugalutk7fjpzptfppqcccnat2ska5t4g/thor1n5a08r0zvmqca39ka2tgwlkjy9ugalutk7fjpzptfppqcccnat2ska5t4g:0/1/1
26036451,2026-05-04,7DEC00DBCFA6DD7F2EF46E220A1319F34F46643EF836F54C3592E8023ADE4E3B,ETH.USDC-0XA0B86991C6218B36C1D19D4A2E9EB0CE3606EB48,xrp-xrp,thor14v89h32ztmfg9d230cjly7ac26fvdkhgq7nkntsw4uy2f3yh2v7qrz6hsw,438700 THOR.RUNE,438,0.00000438,0.55166679,0.00000242,=:ETH-USDC:thor1n5a08r0zvmqca39ka2tgwlkjy9ugalutk7fjpzptfppqcccnat2ska5t4g/thor1n5a08r0zvmqca39ka2tgwlkjy9ugalutk7fjpzptfppqcccnat2ska5t4g:0/1/1
26036451,2026-05-04,3502DED8F824DF56A40A4DC894ABAC0C16F2BDF5A8550D3FAD76AF9D0A168F8B,XRP.XRP,xrp-xrp,thor14v89h32ztmfg9d230cjly7ac26fvdkhgq7nkntsw4uy2f3yh2v7qrz6hsw,705748555 XRP-XRP,1892680,0.0189268,0.55166679,0.01044129,=:ETH-USDC:thor1n5a08r0zvmqca39ka2tgwlkjy9ugalutk7fjpzptfppqcccnat2ska5t4g/thor1n5a08r0zvmqca39ka2tgwlkjy9ugalutk7fjpzptfppqcccnat2ska5t4g:0/1/1
26036451,2026-05-04,7DEC00DBCFA6DD7F2EF46E220A1319F34F46643EF836F54C3592E8023ADE4E3B,XRP.XRP,xrp-xrp,thor14v89h32ztmfg9d230cjly7ac26fvdkhgq7nkntsw4uy2f3yh2v7qrz6hsw,163772 XRP-XRP,439,0.00000439,0.55166679,0.00000242,=:ETH-USDC:thor1n5a08r0zvmqca39ka2tgwlkjy9ugalutk7fjpzptfppqcccnat2ska5t4g/thor1n5a08r0zvmqca39ka2tgwlkjy9ugalutk7fjpzptfppqcccnat2ska5t4g:0/1/1
26036653,2026-05-04,56CF8F165930FF4E08014CDA10FCAFB3E7C875FDA040949174ADD38FED341ECA,AVAX.USDC-0XB97EF9EF8734C71904D8002F8B6BC66DD9C48A6E,avax-usdc-0xb97ef9ef8734c71904d8002f8b6bc66dd9c48a6e,thor14sk3vqzt6rpp8c06ynfhw30ctk0wy5mqhvedccg8gnnlcdcyc9csaf4ngt,48327271500 THOR.RUNE,43239634,0.43239634,0.55166679,0.2385387,=:AVAX-USDC:thor1n5a08r0zvmqca39ka2tgwlkjy9ugalutk7fjpzptfppqcccnat2ska5t4g/thor1n5a08r0zvmqca39ka2tgwlkjy9ugalutk7fjpzptfppqcccnat2ska5t4g:0/1/1
26036653,2026-05-04,56CF8F165930FF4E08014CDA10FCAFB3E7C875FDA040949174ADD38FED341ECA,ETH.USDC-0XA0B86991C6218B36C1D19D4A2E9EB0CE3606EB48,avax-usdc-0xb97ef9ef8734c71904d8002f8b6bc66dd9c48a6e,thor14sk3vqzt6rpp8c06ynfhw30ctk0wy5mqhvedccg8gnnlcdcyc9csaf4ngt,25253992866 ETH-USDC-0XA0B86991C6218B36C1D19D4A2E9EB0CE3606EB48,9667387,0.09667387,0.55166679,0.05333176,=:AVAX-USDC:thor1n5a08r0zvmqca39ka2tgwlkjy9ugalutk7fjpzptfppqcccnat2ska5t4g/thor1n5a08r0zvmqca39ka2tgwlkjy9ugalutk7fjpzptfppqcccnat2ska5t4g:0/1/1
26037461,2026-05-04,260A4651FD3D1BB572F9DA00140A08FE65706F4353A7BBCEFC681EF9CD2DC24C,BTC.BTC,btc-btc,thor1dwsnlqw3lfhamc5dz3r57hlsppx3a2n2d7kppccxfdhfazjh06rs5077sz,1 BTC-BTC,153,0.00000153,0.55166679,0.00000084,=:ETH-USDC:thor1n5a08r0zvmqca39ka2tgwlkjy9ugalutk7fjpzptfppqcccnat2ska5t4g/thor1n5a08r0zvmqca39ka2tgwlkjy9ugalutk7fjpzptfppqcccnat2ska5t4g:0/1/1
26037461,2026-05-04,260A4651FD3D1BB572F9DA00140A08FE65706F4353A7BBCEFC681EF9CD2DC24C,ETH.USDC-0XA0B86991C6218B36C1D19D4A2E9EB0CE3606EB48,btc-btc,thor1dwsnlqw3lfhamc5dz3r57hlsppx3a2n2d7kppccxfdhfazjh06rs5077sz,152978 THOR.RUNE,153,0.00000153,0.55166679,0.00000084,=:ETH-USDC:thor1n5a08r0zvmqca39ka2tgwlkjy9ugalutk7fjpzptfppqcccnat2ska5t4g/thor1n5a08r0zvmqca39ka2tgwlkjy9ugalutk7fjpzptfppqcccnat2ska5t4g:0/1/1
26037966,2026-05-04,5989BA24DB1CB28FAA8CF0B0CD1CF46E3575B5C9181CC092188C0DCA997BD7AC,ETH.USDC-0XA0B86991C6218B36C1D19D4A2E9EB0CE3606EB48,eth-usdc-0xa0b86991c6218b36c1d19d4a2e9eb0ce3606eb48,thor1y8g3yhzmnwyt6g7jque36eyregf85kgtzem6dgzqxuzrpmzpumvqts7ud7,23466028126 ETH-USDC-0XA0B86991C6218B36C1D19D4A2E9EB0CE3606EB48,44933689,0.44933689,0.55166679,0.24788424,=:r:thor1n5a08r0zvmqca39ka2tgwlkjy9ugalutk7fjpzptfppqcccnat2ska5t4g/thor1n5a08r0zvmqca39ka2tgwlkjy9ugalutk7fjpzptfppqcccnat2ska5t4g:0/1/1
26051500,2026-05-04,07303FB77402178910E810BB4B7FF627262F56E2046AE85A7421B744F75B477E,ETH.USDC-0XA0B86991C6218B36C1D19D4A2E9EB0CE3606EB48,x/ruji,thor17cawwg2lsnvcne69fek6nsqkf8snma6gc5ccceshul86rl0u3q4s5l5d0a,29637681779 THOR.RUNE,29639139,0.29639139,0.55166679,0.16350929,=:ETH-USDC:thor1n5a08r0zvmqca39ka2tgwlkjy9ugalutk7fjpzptfppqcccnat2ska5t4g/thor1n5a08r0zvmqca39ka2tgwlkjy9ugalutk7fjpzptfppqcccnat2ska5t4g:0/1/1
26051500,2026-05-04,07303FB77402178910E810BB4B7FF627262F56E2046AE85A7421B744F75B477E,THOR.RUJI,x/ruji,thor17cawwg2lsnvcne69fek6nsqkf8snma6gc5ccceshul86rl0u3q4s5l5d0a,43163796997 THOR.RUJI,29667349,0.29667349,0.55166679,0.16366491,=:ETH-USDC:thor1n5a08r0zvmqca39ka2tgwlkjy9ugalutk7fjpzptfppqcccnat2ska5t4g/thor1n5a08r0zvmqca39ka2tgwlkjy9ugalutk7fjpzptfppqcccnat2ska5t4g:0/1/1
26051702,2026-05-04,1D8EC59A0A8135F1FD08D00DECF853D83A6AAADE7600854A3F74755EBCA6BA6E,AVAX.AVAX,avax-avax,thor1dw8tadkwy746ytvaugv26g5jwekwpfyjyvlvncvryukm07rc998s4ukvrt,460583636 AVAX-AVAX,7908035,0.07908035,0.55166679,0.043626,=:ETH-USDC:thor1n5a08r0zvmqca39ka2tgwlkjy9ugalutk7fjpzptfppqcccnat2ska5t4g/thor1n5a08r0zvmqca39ka2tgwlkjy9ugalutk7fjpzptfppqcccnat2ska5t4g:0/1/1
26051702,2026-05-04,57179DDA3A181B569E01955CA0F483A0F03B49E135410F153C965026677F05D2,AVAX.AVAX,avax-avax,thor1dw8tadkwy746ytvaugv26g5jwekwpfyjyvlvncvryukm07rc998s4ukvrt,307847 AVAX-AVAX,5285,0.00005285,0.55166679,0.00002916,=:ETH-USDC:thor1n5a08r0zvmqca39ka2tgwlkjy9ugalutk7fjpzptfppqcccnat2ska5t4g/thor1n5a08r0zvmqca39ka2tgwlkjy9ugalutk7fjpzptfppqcccnat2ska5t4g:0/1/1
26051702,2026-05-04,1D8EC59A0A8135F1FD08D00DECF853D83A6AAADE7600854A3F74755EBCA6BA6E,ETH.USDC-0XA0B86991C6218B36C1D19D4A2E9EB0CE3606EB48,avax-avax,thor1dw8tadkwy746ytvaugv26g5jwekwpfyjyvlvncvryukm07rc998s4ukvrt,7900127613 THOR.RUNE,7900231,0.07900231,0.55166679,0.04358295,=:ETH-USDC:thor1n5a08r0zvmqca39ka2tgwlkjy9ugalutk7fjpzptfppqcccnat2ska5t4g/thor1n5a08r0zvmqca39ka2tgwlkjy9ugalutk7fjpzptfppqcccnat2ska5t4g:0/1/1
26051702,2026-05-04,57179DDA3A181B569E01955CA0F483A0F03B49E135410F153C965026677F05D2,ETH.USDC-0XA0B86991C6218B36C1D19D4A2E9EB0CE3606EB48,avax-avax,thor1dw8tadkwy746ytvaugv26g5jwekwpfyjyvlvncvryukm07rc998s4ukvrt,5280013 THOR.RUNE,5279,0.00005279,0.55166679,0.00002912,=:ETH-USDC:thor1n5a08r0zvmqca39ka2tgwlkjy9ugalutk7fjpzptfppqcccnat2ska5t4g/thor1n5a08r0zvmqca39ka2tgwlkjy9ugalutk7fjpzptfppqcccnat2ska5t4g:0/1/1
26052611,2026-05-04,334E7BC6182DCEA58EB537F6EAF63D4E39AA769E0A3025334FBDBB6D1236654E,BTC.BTC,btc-btc,thor1dwsnlqw3lfhamc5dz3r57hlsppx3a2n2d7kppccxfdhfazjh06rs5077sz,4735 BTC-BTC,705279,0.00705279,0.55166679,0.00389079,=:ETH-USDC:thor1n5a08r0zvmqca39ka2tgwlkjy9ugalutk7fjpzptfppqcccnat2ska5t4g/thor1n5a08r0zvmqca39ka2tgwlkjy9ugalutk7fjpzptfppqcccnat2ska5t4g:0/1/1
26052611,2026-05-04,334E7BC6182DCEA58EB537F6EAF63D4E39AA769E0A3025334FBDBB6D1236654E,ETH.USDC-0XA0B86991C6218B36C1D19D4A2E9EB0CE3606EB48,btc-btc,thor1dwsnlqw3lfhamc5dz3r57hlsppx3a2n2d7kppccxfdhfazjh06rs5077sz,704574591 THOR.RUNE,704574,0.00704574,0.55166679,0.0038869,=:ETH-USDC:thor1n5a08r0zvmqca39ka2tgwlkjy9ugalutk7fjpzptfppqcccnat2ska5t4g/thor1n5a08r0zvmqca39ka2tgwlkjy9ugalutk7fjpzptfppqcccnat2ska5t4g:0/1/1
26053116,2026-05-04,6B22D1F0AD693499EB714D61011E8A3CD9A16C913DF8CEB8558982D54FF3E194,ETH.USDC-0XA0B86991C6218B36C1D19D4A2E9EB0CE3606EB48,eth-usdc-0xa0b86991c6218b36c1d19d4a2e9eb0ce3606eb48,thor1y8g3yhzmnwyt6g7jque36eyregf85kgtzem6dgzqxuzrpmzpumvqts7ud7,22897756955 ETH-USDC-0XA0B86991C6218B36C1D19D4A2E9EB0CE3606EB48,41817844,0.41817844,0.55166679,0.23069516,=:r:thor1n5a08r0zvmqca39ka2tgwlkjy9ugalutk7fjpzptfppqcccnat2ska5t4g/thor1n5a08r0zvmqca39ka2tgwlkjy9ugalutk7fjpzptfppqcccnat2ska5t4g:0/1/1
26053722,2026-05-04,9ABC48FA32D757FFAD66383ADE65857DEA832228D46E7B7D0CA64846CEEFF932,ETH.USDC-0XA0B86991C6218B36C1D19D4A2E9EB0CE3606EB48,tcy,thor1kyjky2yprmamj0gfkevyc6tunxev0054gpxjap8k9vkyutkkf5lqyr0xxv,47721127965 THOR.RUNE,47724906,0.47724906,0.55166679,0.26328246,=:ETH-USDC:thor1n5a08r0zvmqca39ka2tgwlkjy9ugalutk7fjpzptfppqcccnat2ska5t4g/thor1n5a08r0zvmqca39ka2tgwlkjy9ugalutk7fjpzptfppqcccnat2ska5t4g:0/1/1
26053722,2026-05-04,ED5ED628E1BCFFA07F98CAE6DB5FE9903880F91712EA5112E9AA066C4BCA8F05,ETH.USDC-0XA0B86991C6218B36C1D19D4A2E9EB0CE3606EB48,tcy,thor1kyjky2yprmamj0gfkevyc6tunxev0054gpxjap8k9vkyutkkf5lqyr0xxv,395646123 THOR.RUNE,395646,0.00395646,0.55166679,0.00218265,=:ETH-USDC:thor1n5a08r0zvmqca39ka2tgwlkjy9ugalutk7fjpzptfppqcccnat2ska5t4g/thor1n5a08r0zvmqca39ka2tgwlkjy9ugalutk7fjpzptfppqcccnat2ska5t4g:0/1/1
26053722,2026-05-04,9ABC48FA32D757FFAD66383ADE65857DEA832228D46E7B7D0CA64846CEEFF932,THOR.TCY,tcy,thor1kyjky2yprmamj0gfkevyc6tunxev0054gpxjap8k9vkyutkkf5lqyr0xxv,180000000000 THOR.TCY,47768896,0.47768896,0.55166679,0.26352514,=:ETH-USDC:thor1n5a08r0zvmqca39ka2tgwlkjy9ugalutk7fjpzptfppqcccnat2ska5t4g/thor1n5a08r0zvmqca39ka2tgwlkjy9ugalutk7fjpzptfppqcccnat2ska5t4g:0/1/1
26053722,2026-05-04,ED5ED628E1BCFFA07F98CAE6DB5FE9903880F91712EA5112E9AA066C4BCA8F05,THOR.TCY,tcy,thor1kyjky2yprmamj0gfkevyc6tunxev0054gpxjap8k9vkyutkkf5lqyr0xxv,1493766635 THOR.TCY,396042,0.00396042,0.55166679,0.00218483,=:ETH-USDC:thor1n5a08r0zvmqca39ka2tgwlkjy9ugalutk7fjpzptfppqcccnat2ska5t4g/thor1n5a08r0zvmqca39ka2tgwlkjy9ugalutk7fjpzptfppqcccnat2ska5t4g:0/1/1
26056550,2026-05-04,40C03B8D1A20134FA5B981E5E11F18FC8329FF2003EDB58957A811CB3AAF5D46,ETH.USDC-0XA0B86991C6218B36C1D19D4A2E9EB0CE3606EB48,x/ruji,thor17cawwg2lsnvcne69fek6nsqkf8snma6gc5ccceshul86rl0u3q4s5l5d0a,34572254501 THOR.RUNE,34574239,0.34574239,0.55166679,0.19073459,=:ETH-USDC:thor1n5a08r0zvmqca39ka2tgwlkjy9ugalutk7fjpzptfppqcccnat2ska5t4g/thor1n5a08r0zvmqca39ka2tgwlkjy9ugalutk7fjpzptfppqcccnat2ska5t4g:0/1/1
26056550,2026-05-04,CB6B174DBBB3843923BDE2621956FA3CB65C731998A32A3ADED5CE4C1D418FFD,ETH.USDC-0XA0B86991C6218B36C1D19D4A2E9EB0CE3606EB48,x/ruji,thor17cawwg2lsnvcne69fek6nsqkf8snma6gc5ccceshul86rl0u3q4s5l5d0a,1909914205 THOR.RUNE,1909919,0.01909919,0.55166679,0.01053639,=:ETH-USDC:thor1n5a08r0zvmqca39ka2tgwlkjy9ugalutk7fjpzptfppqcccnat2ska5t4g/thor1n5a08r0zvmqca39ka2tgwlkjy9ugalutk7fjpzptfppqcccnat2ska5t4g:0/1/1
26056550,2026-05-04,40C03B8D1A20134FA5B981E5E11F18FC8329FF2003EDB58957A811CB3AAF5D46,THOR.RUJI,x/ruji,thor17cawwg2lsnvcne69fek6nsqkf8snma6gc5ccceshul86rl0u3q4s5l5d0a,50000000000 THOR.RUJI,34606861,0.34606861,0.55166679,0.19091456,=:ETH-USDC:thor1n5a08r0zvmqca39ka2tgwlkjy9ugalutk7fjpzptfppqcccnat2ska5t4g/thor1n5a08r0zvmqca39ka2tgwlkjy9ugalutk7fjpzptfppqcccnat2ska5t4g:0/1/1
26056550,2026-05-04,CB6B174DBBB3843923BDE2621956FA3CB65C731998A32A3ADED5CE4C1D418FFD,THOR.RUJI,x/ruji,thor17cawwg2lsnvcne69fek6nsqkf8snma6gc5ccceshul86rl0u3q4s5l5d0a,2763664781 THOR.RUJI,1911826,0.01911826,0.55166679,0.01054691,=:ETH-USDC:thor1n5a08r0zvmqca39ka2tgwlkjy9ugalutk7fjpzptfppqcccnat2ska5t4g/thor1n5a08r0zvmqca39ka2tgwlkjy9ugalutk7fjpzptfppqcccnat2ska5t4g:0/1/1
26058166,2026-05-04,2748FF7B71F28AC3B6B497EE184EA54875CF047B1A15BDE625761DDF0924DEDC,ETH.USDC-0XA0B86991C6218B36C1D19D4A2E9EB0CE3606EB48,eth-usdc-0xa0b86991c6218b36c1d19d4a2e9eb0ce3606eb48,thor1y8g3yhzmnwyt6g7jque36eyregf85kgtzem6dgzqxuzrpmzpumvqts7ud7,18990549058 ETH-USDC-0XA0B86991C6218B36C1D19D4A2E9EB0CE3606EB48,34421220,0.3442122,0.55166679,0.18989044,=:r:thor1n5a08r0zvmqca39ka2tgwlkjy9ugalutk7fjpzptfppqcccnat2ska5t4g/thor1n5a08r0zvmqca39ka2tgwlkjy9ugalutk7fjpzptfppqcccnat2ska5t4g:0/1/1
26058166,2026-05-04,7C3CBBD49445B7185445D976B9B7CCCE9D39F9CEE73A6D6E349DA6431361F29A,ETH.USDC-0XA0B86991C6218B36C1D19D4A2E9EB0CE3606EB48,eth-usdc-0xa0b86991c6218b36c1d19d4a2e9eb0ce3606eb48,thor1y8g3yhzmnwyt6g7jque36eyregf85kgtzem6dgzqxuzrpmzpumvqts7ud7,6408087565 THOR.RUNE,6408155,0.06408155,0.55166679,0.03535166,=:ETH-USDC:thor1n5a08r0zvmqca39ka2tgwlkjy9ugalutk7fjpzptfppqcccnat2ska5t4g/thor1n5a08r0zvmqca39ka2tgwlkjy9ugalutk7fjpzptfppqcccnat2ska5t4g:0/1/1
26058772,2026-05-04,F2073DC8CA584277515653622C7B0BDC16C08761BC91F30D56FFDE31382300B4,ETH.USDC-0XA0B86991C6218B36C1D19D4A2E9EB0CE3606EB48,tcy,thor1kyjky2yprmamj0gfkevyc6tunxev0054gpxjap8k9vkyutkkf5lqyr0xxv,47086784745 THOR.RUNE,47090483,0.47090483,0.55166679,0.25978256,=:ETH-USDC:thor1n5a08r0zvmqca39ka2tgwlkjy9ugalutk7fjpzptfppqcccnat2ska5t4g/thor1n5a08r0zvmqca39ka2tgwlkjy9ugalutk7fjpzptfppqcccnat2ska5t4g:0/1/1
26058772,2026-05-04,981E5E12426D9595F1CCBD7590A3E4BD91DCF711033FE35B4D02EBE718C61430,ETH.USDC-0XA0B86991C6218B36C1D19D4A2E9EB0CE3606EB48,tcy,thor1kyjky2yprmamj0gfkevyc6tunxev0054gpxjap8k9vkyutkkf5lqyr0xxv,2480495106 THOR.RUNE,2480504,0.02480504,0.55166679,0.01368412,=:ETH-USDC:thor1n5a08r0zvmqca39ka2tgwlkjy9ugalutk7fjpzptfppqcccnat2ska5t4g/thor1n5a08r0zvmqca39ka2tgwlkjy9ugalutk7fjpzptfppqcccnat2ska5t4g:0/1/1
26058772,2026-05-04,F2073DC8CA584277515653622C7B0BDC16C08761BC91F30D56FFDE31382300B4,THOR.TCY,tcy,thor1kyjky2yprmamj0gfkevyc6tunxev0054gpxjap8k9vkyutkkf5lqyr0xxv,180000000000 THOR.TCY,47133918,0.47133918,0.55166679,0.26002217,=:ETH-USDC:thor1n5a08r0zvmqca39ka2tgwlkjy9ugalutk7fjpzptfppqcccnat2ska5t4g/thor1n5a08r0zvmqca39ka2tgwlkjy9ugalutk7fjpzptfppqcccnat2ska5t4g:0/1/1
26058772,2026-05-04,981E5E12426D9595F1CCBD7590A3E4BD91DCF711033FE35B4D02EBE718C61430,THOR.TCY,tcy,thor1kyjky2yprmamj0gfkevyc6tunxev0054gpxjap8k9vkyutkkf5lqyr0xxv,9491639448 THOR.TCY,2482978,0.02482978,0.55166679,0.01369777,=:ETH-USDC:thor1n5a08r0zvmqca39ka2tgwlkjy9ugalutk7fjpzptfppqcccnat2ska5t4g/thor1n5a08r0zvmqca39ka2tgwlkjy9ugalutk7fjpzptfppqcccnat2ska5t4g:0/1/1
26061600,2026-05-04,3E0F3AA657B7F1FBDB791345B3DA34A1B853C796A041AFFDCDD3AA7EC8F419B2,ETH.USDC-0XA0B86991C6218B36C1D19D4A2E9EB0CE3606EB48,x/ruji,thor17cawwg2lsnvcne69fek6nsqkf8snma6gc5ccceshul86rl0u3q4s5l5d0a,146702830 ETH-USDC-0XA0B86991C6218B36C1D19D4A2E9EB0CE3606EB48,260324,0.00260324,0.55166679,0.00143612,=:THOR.RUJI:thor1n5a08r0zvmqca39ka2tgwlkjy9ugalutk7fjpzptfppqcccnat2ska5t4g/thor1n5a08r0zvmqca39ka2tgwlkjy9ugalutk7fjpzptfppqcccnat2ska5t4g:0/1/1
26061600,2026-05-04,3E0F3AA657B7F1FBDB791345B3DA34A1B853C796A041AFFDCDD3AA7EC8F419B2,THOR.RUJI,x/ruji,thor17cawwg2lsnvcne69fek6nsqkf8snma6gc5ccceshul86rl0u3q4s5l5d0a,260064300 THOR.RUNE,260065,0.00260065,0.55166679,0.00143469,=:THOR.RUJI:thor1n5a08r0zvmqca39ka2tgwlkjy9ugalutk7fjpzptfppqcccnat2ska5t4g/thor1n5a08r0zvmqca39ka2tgwlkjy9ugalutk7fjpzptfppqcccnat2ska5t4g:0/1/1
26063216,2026-05-04,3A71E97820C81B77121FB4AA461FB3A1132F41F459B25CF67A1803128E2A95A5,ETH.USDC-0XA0B86991C6218B36C1D19D4A2E9EB0CE3606EB48,eth-usdc-0xa0b86991c6218b36c1d19d4a2e9eb0ce3606eb48,thor1y8g3yhzmnwyt6g7jque36eyregf85kgtzem6dgzqxuzrpmzpumvqts7ud7,18934441037 ETH-USDC-0XA0B86991C6218B36C1D19D4A2E9EB0CE3606EB48,33707432,0.33707432,0.55166679,0.18595271,=:r:thor1n5a08r0zvmqca39ka2tgwlkjy9ugalutk7fjpzptfppqcccnat2ska5t4g/thor1n5a08r0zvmqca39ka2tgwlkjy9ugalutk7fjpzptfppqcccnat2ska5t4g:0/1/1
26063216,2026-05-04,CF00AC817863696E4F4BD3AF1BC883A558A2A558E92604EE7CAFACBA9744B1E5,ETH.USDC-0XA0B86991C6218B36C1D19D4A2E9EB0CE3606EB48,eth-usdc-0xa0b86991c6218b36c1d19d4a2e9eb0ce3606eb48,thor1y8g3yhzmnwyt6g7jque36eyregf85kgtzem6dgzqxuzrpmzpumvqts7ud7,5760750710 THOR.RUNE,5760805,0.05760805,0.55166679,0.03178045,=:ETH-USDC:thor1n5a08r0zvmqca39ka2tgwlkjy9ugalutk7fjpzptfppqcccnat2ska5t4g/thor1n5a08r0zvmqca39ka2tgwlkjy9ugalutk7fjpzptfppqcccnat2ska5t4g:0/1/1
26063822,2026-05-04,A91AB5F474C1AFF36D3D68C815EE1BA64CF462D3910BCD1B55B63BDEBDFD74F2,ETH.USDC-0XA0B86991C6218B36C1D19D4A2E9EB0CE3606EB48,tcy,thor1kyjky2yprmamj0gfkevyc6tunxev0054gpxjap8k9vkyutkkf5lqyr0xxv,42095401529 THOR.RUNE,42098378,0.42098378,0.55166679,0.23224277,=:ETH-USDC:thor1n5a08r0zvmqca39ka2tgwlkjy9ugalutk7fjpzptfppqcccnat2ska5t4g/thor1n5a08r0zvmqca39ka2tgwlkjy9ugalutk7fjpzptfppqcccnat2ska5t4g:0/1/1
26063822,2026-05-04,7586358C69967767121503E7C0619E03653420DF35762778FAC8047B02FF3A2F,ETH.USDC-0XA0B86991C6218B36C1D19D4A2E9EB0CE3606EB48,tcy,thor1kyjky2yprmamj0gfkevyc6tunxev0054gpxjap8k9vkyutkkf5lqyr0xxv,281029574 ETH-USDC-0XA0B86991C6218B36C1D19D4A2E9EB0CE3606EB48,501224,0.00501224,0.55166679,0.00276509,=:THOR.TCY:thor1n5a08r0zvmqca39ka2tgwlkjy9ugalutk7fjpzptfppqcccnat2ska5t4g/thor1n5a08r0zvmqca39ka2tgwlkjy9ugalutk7fjpzptfppqcccnat2ska5t4g:0/1/1
26063822,2026-05-04,A91AB5F474C1AFF36D3D68C815EE1BA64CF462D3910BCD1B55B63BDEBDFD74F2,THOR.TCY,tcy,thor1kyjky2yprmamj0gfkevyc6tunxev0054gpxjap8k9vkyutkkf5lqyr0xxv,172828279928 THOR.TCY,42137539,0.42137539,0.55166679,0.23245881,=:ETH-USDC:thor1n5a08r0zvmqca39ka2tgwlkjy9ugalutk7fjpzptfppqcccnat2ska5t4g/thor1n5a08r0zvmqca39ka2tgwlkjy9ugalutk7fjpzptfppqcccnat2ska5t4g:0/1/1
26063822,2026-05-04,7586358C69967767121503E7C0619E03653420DF35762778FAC8047B02FF3A2F,THOR.TCY,tcy,thor1kyjky2yprmamj0gfkevyc6tunxev0054gpxjap8k9vkyutkkf5lqyr0xxv,500723300 THOR.RUNE,500728,0.00500728,0.55166679,0.00276235,=:THOR.TCY:thor1n5a08r0zvmqca39ka2tgwlkjy9ugalutk7fjpzptfppqcccnat2ska5t4g/thor1n5a08r0zvmqca39ka2tgwlkjy9ugalutk7fjpzptfppqcccnat2ska5t4g:0/1/1
26067458,2026-05-04,91B5F58ECE12F483EB084941ED9589D1FDB38A0D33C35A0F2A9DE6BC4A8FC91C,BSC.BNB,bsc-bnb,thor1g49m6re9vgrte8twpgx0qcnvr92575tqhcgmnwq3g5s94msk4ersqsyw3x,1 BSC-BNB,1,0.00000001,0.55166679,0.00000001,=:ETH-USDC:thor1n5a08r0zvmqca39ka2tgwlkjy9ugalutk7fjpzptfppqcccnat2ska5t4g/thor1n5a08r0zvmqca39ka2tgwlkjy9ugalutk7fjpzptfppqcccnat2ska5t4g:0/1/1
26067458,2026-05-04,91B5F58ECE12F483EB084941ED9589D1FDB38A0D33C35A0F2A9DE6BC4A8FC91C,ETH.USDC-0XA0B86991C6218B36C1D19D4A2E9EB0CE3606EB48,bsc-bnb,thor1g49m6re9vgrte8twpgx0qcnvr92575tqhcgmnwq3g5s94msk4ersqsyw3x,1174 THOR.RUNE,0,0,0.55166679,0,=:ETH-USDC:thor1n5a08r0zvmqca39ka2tgwlkjy9ugalutk7fjpzptfppqcccnat2ska5t4g/thor1n5a08r0zvmqca39ka2tgwlkjy9ugalutk7fjpzptfppqcccnat2ska5t4g:0/1/1
26067761,2026-05-04,E3F082A864A27E884B4160F6507F001A9778E01FF8844ADBC65152E5A31276CF,BTC.BTC,btc-btc,thor1dwsnlqw3lfhamc5dz3r57hlsppx3a2n2d7kppccxfdhfazjh06rs5077sz,1 BTC-BTC,148,0.00000148,0.55166679,0.00000082,=:ETH-USDC:thor1n5a08r0zvmqca39ka2tgwlkjy9ugalutk7fjpzptfppqcccnat2ska5t4g/thor1n5a08r0zvmqca39ka2tgwlkjy9ugalutk7fjpzptfppqcccnat2ska5t4g:0/1/1
26067761,2026-05-04,E3F082A864A27E884B4160F6507F001A9778E01FF8844ADBC65152E5A31276CF,ETH.USDC-0XA0B86991C6218B36C1D19D4A2E9EB0CE3606EB48,btc-btc,thor1dwsnlqw3lfhamc5dz3r57hlsppx3a2n2d7kppccxfdhfazjh06rs5077sz,147870 THOR.RUNE,147,0.00000147,0.55166679,0.00000081,=:ETH-USDC:thor1n5a08r0zvmqca39ka2tgwlkjy9ugalutk7fjpzptfppqcccnat2ska5t4g/thor1n5a08r0zvmqca39ka2tgwlkjy9ugalutk7fjpzptfppqcccnat2ska5t4g:0/1/1
26068266,2026-05-04,43F004D6C398899D9758FFD619C7C4695EE7517A4BB73C6C0B694CCCFFEE287A,ETH.USDC-0XA0B86991C6218B36C1D19D4A2E9EB0CE3606EB48,eth-usdc-0xa0b86991c6218b36c1d19d4a2e9eb0ce3606eb48,thor1y8g3yhzmnwyt6g7jque36eyregf85kgtzem6dgzqxuzrpmzpumvqts7ud7,25000000000 ETH-USDC-0XA0B86991C6218B36C1D19D4A2E9EB0CE3606EB48,45275424,0.45275424,0.55166679,0.24976948,=:r:thor1n5a08r0zvmqca39ka2tgwlkjy9ugalutk7fjpzptfppqcccnat2ska5t4g/thor1n5a08r0zvmqca39ka2tgwlkjy9ugalutk7fjpzptfppqcccnat2ska5t4g:0/1/1
26068266,2026-05-04,4987D7A010A3FDF3E569A3E0979854084C099ADACEF1943BD2781CA0D36F18A1,ETH.USDC-0XA0B86991C6218B36C1D19D4A2E9EB0CE3606EB48,eth-usdc-0xa0b86991c6218b36c1d19d4a2e9eb0ce3606eb48,thor1y8g3yhzmnwyt6g7jque36eyregf85kgtzem6dgzqxuzrpmzpumvqts7ud7,1400750527 ETH-USDC-0XA0B86991C6218B36C1D19D4A2E9EB0CE3606EB48,2536580,0.0253658,0.55166679,0.01399347,=:r:thor1n5a08r0zvmqca39ka2tgwlkjy9ugalutk7fjpzptfppqcccnat2ska5t4g/thor1n5a08r0zvmqca39ka2tgwlkjy9ugalutk7fjpzptfppqcccnat2ska5t4g:0/1/1
26068872,2026-05-04,927C182ECD6C5C40EE549F1E62E42302E77E807EFEA6B8247175C2E383F735AE,ETH.USDC-0XA0B86991C6218B36C1D19D4A2E9EB0CE3606EB48,tcy,thor1kyjky2yprmamj0gfkevyc6tunxev0054gpxjap8k9vkyutkkf5lqyr0xxv,36051711129 THOR.RUNE,36053865,0.36053865,0.55166679,0.1988972,=:ETH-USDC:thor1n5a08r0zvmqca39ka2tgwlkjy9ugalutk7fjpzptfppqcccnat2ska5t4g/thor1n5a08r0zvmqca39ka2tgwlkjy9ugalutk7fjpzptfppqcccnat2ska5t4g:0/1/1
26068872,2026-05-04,927C182ECD6C5C40EE549F1E62E42302E77E807EFEA6B8247175C2E383F735AE,THOR.TCY,tcy,thor1kyjky2yprmamj0gfkevyc6tunxev0054gpxjap8k9vkyutkkf5lqyr0xxv,143571188702 THOR.TCY,36087798,0.36087798,0.55166679,0.1990844,=:ETH-USDC:thor1n5a08r0zvmqca39ka2tgwlkjy9ugalutk7fjpzptfppqcccnat2ska5t4g/thor1n5a08r0zvmqca39ka2tgwlkjy9ugalutk7fjpzptfppqcccnat2ska5t4g:0/1/1
26071700,2026-05-04,E96ADF5DAA4AA673C61DEC20A5CC44880120DD2935D9CF89C262C7B56F7909C9,ETH.USDC-0XA0B86991C6218B36C1D19D4A2E9EB0CE3606EB48,x/ruji,thor17cawwg2lsnvcne69fek6nsqkf8snma6gc5ccceshul86rl0u3q4s5l5d0a,16841571172 THOR.RUNE,16842041,0.16842041,0.55166679,0.09291195,=:ETH-USDC:thor1n5a08r0zvmqca39ka2tgwlkjy9ugalutk7fjpzptfppqcccnat2ska5t4g/thor1n5a08r0zvmqca39ka2tgwlkjy9ugalutk7fjpzptfppqcccnat2ska5t4g:0/1/1
26071700,2026-05-04,E96ADF5DAA4AA673C61DEC20A5CC44880120DD2935D9CF89C262C7B56F7909C9,THOR.RUJI,x/ruji,thor17cawwg2lsnvcne69fek6nsqkf8snma6gc5ccceshul86rl0u3q4s5l5d0a,25167730247 THOR.RUJI,16858429,0.16858429,0.55166679,0.09300235,=:ETH-USDC:thor1n5a08r0zvmqca39ka2tgwlkjy9ugalutk7fjpzptfppqcccnat2ska5t4g/thor1n5a08r0zvmqca39ka2tgwlkjy9ugalutk7fjpzptfppqcccnat2ska5t4g:0/1/1
26073316,2026-05-04,E4F0B4051DD4EB0A8FB7446A58CAC9A9200F86A16BE6F547635EC15FD4601EEA,ETH.USDC-0XA0B86991C6218B36C1D19D4A2E9EB0CE3606EB48,eth-usdc-0xa0b86991c6218b36c1d19d4a2e9eb0ce3606eb48,thor1y8g3yhzmnwyt6g7jque36eyregf85kgtzem6dgzqxuzrpmzpumvqts7ud7,22685022939 ETH-USDC-0XA0B86991C6218B36C1D19D4A2E9EB0CE3606EB48,41117444,0.41117444,0.55166679,0.22683128,=:r:thor1n5a08r0zvmqca39ka2tgwlkjy9ugalutk7fjpzptfppqcccnat2ska5t4g/thor1n5a08r0zvmqca39ka2tgwlkjy9ugalutk7fjpzptfppqcccnat2ska5t4g:0/1/1
26073720,2026-05-04,956E13A241E1C1AB880227A7174B4FBBF7F16A1F7BCEAEBB2C0554E5B172704B,ETH.USDC-0XA0B86991C6218B36C1D19D4A2E9EB0CE3606EB48,gaia-atom,thor1s8rxcvg83cwar87ehv4c866auxujkfj3k4wjkxkaren7vmvn9nass80ekp,37763700 THOR.RUNE,37763,0.00037763,0.55166679,0.00020833,=:ETH-USDC:thor1n5a08r0zvmqca39ka2tgwlkjy9ugalutk7fjpzptfppqcccnat2ska5t4g/thor1n5a08r0zvmqca39ka2tgwlkjy9ugalutk7fjpzptfppqcccnat2ska5t4g:0/1/1
26073720,2026-05-04,956E13A241E1C1AB880227A7174B4FBBF7F16A1F7BCEAEBB2C0554E5B172704B,GAIA.ATOM,gaia-atom,thor1s8rxcvg83cwar87ehv4c866auxujkfj3k4wjkxkaren7vmvn9nass80ekp,10784349 GAIA-ATOM,37801,0.00037801,0.55166679,0.00020854,=:ETH-USDC:thor1n5a08r0zvmqca39ka2tgwlkjy9ugalutk7fjpzptfppqcccnat2ska5t4g/thor1n5a08r0zvmqca39ka2tgwlkjy9ugalutk7fjpzptfppqcccnat2ska5t4g:0/1/1
26077154,2026-05-04,F06C75ACE7813EE55696AEF855AC415FA2558906B67F45A7625DA63C665DA6A6,AVAX.USDT-0X9702230A8EA53601F5CD2DC00FDBC13D4DF4A8C7,avax-usdt-0x9702230a8ea53601f5cd2dc00fdbc13d4df4a8c7,thor1mj73004rhycffu6k56dalt0zmefzdc3ana6egkh4aes9aw43lxqqmfq2xg,9720816 AVAX-USDT-0X9702230A8EA53601F5CD2DC00FDBC13D4DF4A8C7,3504,0.00003504,0.55166679,0.00001933,=:ETH-USDC:thor1n5a08r0zvmqca39ka2tgwlkjy9ugalutk7fjpzptfppqcccnat2ska5t4g/thor1n5a08r0zvmqca39ka2tgwlkjy9ugalutk7fjpzptfppqcccnat2ska5t4g:0/1/1
26077154,2026-05-04,F06C75ACE7813EE55696AEF855AC415FA2558906B67F45A7625DA63C665DA6A6,ETH.USDC-0XA0B86991C6218B36C1D19D4A2E9EB0CE3606EB48,avax-usdt-0x9702230a8ea53601f5cd2dc00fdbc13d4df4a8c7,thor1mj73004rhycffu6k56dalt0zmefzdc3ana6egkh4aes9aw43lxqqmfq2xg,17520600 THOR.RUNE,3503,0.00003503,0.55166679,0.00001932,=:ETH-USDC:thor1n5a08r0zvmqca39ka2tgwlkjy9ugalutk7fjpzptfppqcccnat2ska5t4g/thor1n5a08r0zvmqca39ka2tgwlkjy9ugalutk7fjpzptfppqcccnat2ska5t4g:0/1/1
26078366,2026-05-04,F77C522110F2776B78683F37C6801147128C63393F7A0AB8446BDC1281DC1657,ETH.USDC-0XA0B86991C6218B36C1D19D4A2E9EB0CE3606EB48,eth-usdc-0xa0b86991c6218b36c1d19d4a2e9eb0ce3606eb48,thor1y8g3yhzmnwyt6g7jque36eyregf85kgtzem6dgzqxuzrpmzpumvqts7ud7,24532077076 ETH-USDC-0XA0B86991C6218B36C1D19D4A2E9EB0CE3606EB48,43899965,0.43899965,0.55166679,0.24218153,=:r:thor1n5a08r0zvmqca39ka2tgwlkjy9ugalutk7fjpzptfppqcccnat2ska5t4g/thor1n5a08r0zvmqca39ka2tgwlkjy9ugalutk7fjpzptfppqcccnat2ska5t4g:0/1/1
26078770,2026-05-04,5049E76EAEF278DEC38688163A181979C0C4B68CEE579A07F8B113EAEB2BB3D0,ETH.USDC-0XA0B86991C6218B36C1D19D4A2E9EB0CE3606EB48,gaia-atom,thor1s8rxcvg83cwar87ehv4c866auxujkfj3k4wjkxkaren7vmvn9nass80ekp,2610599854 ETH-USDC-0XA0B86991C6218B36C1D19D4A2E9EB0CE3606EB48,4627238,0.04627238,0.55166679,0.02552694,=:GAIA-ATOM:thor1n5a08r0zvmqca39ka2tgwlkjy9ugalutk7fjpzptfppqcccnat2ska5t4g/thor1n5a08r0zvmqca39ka2tgwlkjy9ugalutk7fjpzptfppqcccnat2ska5t4g:0/1/1
26078770,2026-05-04,5049E76EAEF278DEC38688163A181979C0C4B68CEE579A07F8B113EAEB2BB3D0,GAIA.ATOM,gaia-atom,thor1s8rxcvg83cwar87ehv4c866auxujkfj3k4wjkxkaren7vmvn9nass80ekp,4622610800 THOR.RUNE,4623343,0.04623343,0.55166679,0.02550545,=:GAIA-ATOM:thor1n5a08r0zvmqca39ka2tgwlkjy9ugalutk7fjpzptfppqcccnat2ska5t4g/thor1n5a08r0zvmqca39ka2tgwlkjy9ugalutk7fjpzptfppqcccnat2ska5t4g:0/1/1
26078871,2026-05-04,B6EA2CDCA20A28171E939DCF5233FDB9A9C5D0F981CA061C10D05F0EEE3BD2C8,ETH.USDC-0XA0B86991C6218B36C1D19D4A2E9EB0CE3606EB48,ltc-ltc,thor1ks9qq0nwv7qxtnznesys6ylflwruqlf85er6zls4erwgzkvw0m0qs3rghz,36688974003 THOR.RUNE,36691238,0.36691238,0.55166679,0.20241338,=:ETH-USDC:thor1n5a08r0zvmqca39ka2tgwlkjy9ugalutk7fjpzptfppqcccnat2ska5t4g/thor1n5a08r0zvmqca39ka2tgwlkjy9ugalutk7fjpzptfppqcccnat2ska5t4g:0/1/1
26078871,2026-05-04,B6EA2CDCA20A28171E939DCF5233FDB9A9C5D0F981CA061C10D05F0EEE3BD2C8,LTC.LTC,ltc-ltc,thor1ks9qq0nwv7qxtnznesys6ylflwruqlf85er6zls4erwgzkvw0m0qs3rghz,366233879 LTC-LTC,36725699,0.36725699,0.55166679,0.20260349,=:ETH-USDC:thor1n5a08r0zvmqca39ka2tgwlkjy9ugalutk7fjpzptfppqcccnat2ska5t4g/thor1n5a08r0zvmqca39ka2tgwlkjy9ugalutk7fjpzptfppqcccnat2ska5t4g:0/1/1
26078972,2026-05-04,9C1D5562149AF4898FA0BCB1B9FA547A59E8AD817E6B725F6C95DE9C0D41FD7B,ETH.USDC-0XA0B86991C6218B36C1D19D4A2E9EB0CE3606EB48,tcy,thor1kyjky2yprmamj0gfkevyc6tunxev0054gpxjap8k9vkyutkkf5lqyr0xxv,270294555 THOR.RUNE,270295,0.00270295,0.55166679,0.00149113,=:ETH-USDC:thor1n5a08r0zvmqca39ka2tgwlkjy9ugalutk7fjpzptfppqcccnat2ska5t4g/thor1n5a08r0zvmqca39ka2tgwlkjy9ugalutk7fjpzptfppqcccnat2ska5t4g:0/1/1
26078972,2026-05-04,9C1D5562149AF4898FA0BCB1B9FA547A59E8AD817E6B725F6C95DE9C0D41FD7B,THOR.TCY,tcy,thor1kyjky2yprmamj0gfkevyc6tunxev0054gpxjap8k9vkyutkkf5lqyr0xxv,1025489004 THOR.TCY,270565,0.00270565,0.55166679,0.00149262,=:ETH-USDC:thor1n5a08r0zvmqca39ka2tgwlkjy9ugalutk7fjpzptfppqcccnat2ska5t4g/thor1n5a08r0zvmqca39ka2tgwlkjy9ugalutk7fjpzptfppqcccnat2ska5t4g:0/1/1
26081800,2026-05-04,17E2DFB7D78D06AF00910E72987148D729F710B8314802F2D3136ED0464C12B1,ETH.USDC-0XA0B86991C6218B36C1D19D4A2E9EB0CE3606EB48,x/ruji,thor17cawwg2lsnvcne69fek6nsqkf8snma6gc5ccceshul86rl0u3q4s5l5d0a,84623666344 ETH-USDC-0XA0B86991C6218B36C1D19D4A2E9EB0CE3606EB48,150491504,1.50491504,0.55166679,0.83021165,=:THOR.RUJI:thor1n5a08r0zvmqca39ka2tgwlkjy9ugalutk7fjpzptfppqcccnat2ska5t4g/thor1n5a08r0zvmqca39ka2tgwlkjy9ugalutk7fjpzptfppqcccnat2ska5t4g:0/1/1
26081800,2026-05-04,17E2DFB7D78D06AF00910E72987148D729F710B8314802F2D3136ED0464C12B1,THOR.RUJI,x/ruji,thor17cawwg2lsnvcne69fek6nsqkf8snma6gc5ccceshul86rl0u3q4s5l5d0a,150341013400 THOR.RUNE,445964354,4.45964354,0.55166679,2.46023724,=:THOR.RUJI:thor1n5a08r0zvmqca39ka2tgwlkjy9ugalutk7fjpzptfppqcccnat2ska5t4g/thor1n5a08r0zvmqca39ka2tgwlkjy9ugalutk7fjpzptfppqcccnat2ska5t4g:0/1/1
26082608,2026-05-04,32D97FFB1341863110FA2AFEE07150331321F196A4F7A9BF25266B5CADE46609,BSC.BNB,bsc-bnb,thor1g49m6re9vgrte8twpgx0qcnvr92575tqhcgmnwq3g5s94msk4ersqsyw3x,2137037 BSC-BNB,2427553,0.02427553,0.55166679,0.013392,=:ETH-USDC:thor1n5a08r0zvmqca39ka2tgwlkjy9ugalutk7fjpzptfppqcccnat2ska5t4g/thor1n5a08r0zvmqca39ka2tgwlkjy9ugalutk7fjpzptfppqcccnat2ska5t4g:0/1/1
26082608,2026-05-04,3E9C869DDF5E1CBB3BF3E38AB42D9F2E2EE862CD3EAC8BD359D026B4BF7A4DC3,BSC.BNB,bsc-bnb,thor1g49m6re9vgrte8twpgx0qcnvr92575tqhcgmnwq3g5s94msk4ersqsyw3x,32509 BSC-BNB,36928,0.00036928,0.55166679,0.00020372,=:ETH-USDC:thor1n5a08r0zvmqca39ka2tgwlkjy9ugalutk7fjpzptfppqcccnat2ska5t4g/thor1n5a08r0zvmqca39ka2tgwlkjy9ugalutk7fjpzptfppqcccnat2ska5t4g:0/1/1
26082608,2026-05-04,32D97FFB1341863110FA2AFEE07150331321F196A4F7A9BF25266B5CADE46609,ETH.USDC-0XA0B86991C6218B36C1D19D4A2E9EB0CE3606EB48,bsc-bnb,thor1g49m6re9vgrte8twpgx0qcnvr92575tqhcgmnwq3g5s94msk4ersqsyw3x,2425125849 THOR.RUNE,2425135,0.02425135,0.55166679,0.01337866,=:ETH-USDC:thor1n5a08r0zvmqca39ka2tgwlkjy9ugalutk7fjpzptfppqcccnat2ska5t4g/thor1n5a08r0zvmqca39ka2tgwlkjy9ugalutk7fjpzptfppqcccnat2ska5t4g:0/1/1
26082608,2026-05-04,3E9C869DDF5E1CBB3BF3E38AB42D9F2E2EE862CD3EAC8BD359D026B4BF7A4DC3,ETH.USDC-0XA0B86991C6218B36C1D19D4A2E9EB0CE3606EB48,bsc-bnb,thor1g49m6re9vgrte8twpgx0qcnvr92575tqhcgmnwq3g5s94msk4ersqsyw3x,36891108 THOR.RUNE,36891,0.00036891,0.55166679,0.00020352,=:ETH-USDC:thor1n5a08r0zvmqca39ka2tgwlkjy9ugalutk7fjpzptfppqcccnat2ska5t4g/thor1n5a08r0zvmqca39ka2tgwlkjy9ugalutk7fjpzptfppqcccnat2ska5t4g:0/1/1
26083416,2026-05-04,683A1127B239A8941C5EAA7108A6F270641A21A6747D56AE040DB7631CA03A01,ETH.USDC-0XA0B86991C6218B36C1D19D4A2E9EB0CE3606EB48,eth-usdc-0xa0b86991c6218b36c1d19d4a2e9eb0ce3606eb48,thor1y8g3yhzmnwyt6g7jque36eyregf85kgtzem6dgzqxuzrpmzpumvqts7ud7,25000000000 ETH-USDC-0XA0B86991C6218B36C1D19D4A2E9EB0CE3606EB48,45125719,0.45125719,0.55166679,0.24894361,=:r:thor1n5a08r0zvmqca39ka2tgwlkjy9ugalutk7fjpzptfppqcccnat2ska5t4g/thor1n5a08r0zvmqca39ka2tgwlkjy9ugalutk7fjpzptfppqcccnat2ska5t4g:0/1/1
26083416,2026-05-04,18D8F031F6D336B45A263693F730B19A22AF8C7D4BC47A55D39B85792F5C777B,ETH.USDC-0XA0B86991C6218B36C1D19D4A2E9EB0CE3606EB48,eth-usdc-0xa0b86991c6218b36c1d19d4a2e9eb0ce3606eb48,thor1y8g3yhzmnwyt6g7jque36eyregf85kgtzem6dgzqxuzrpmzpumvqts7ud7,4653648143 ETH-USDC-0XA0B86991C6218B36C1D19D4A2E9EB0CE3606EB48,8399217,0.08399217,0.55166679,0.04633569,=:r:thor1n5a08r0zvmqca39ka2tgwlkjy9ugalutk7fjpzptfppqcccnat2ska5t4g/thor1n5a08r0zvmqca39ka2tgwlkjy9ugalutk7fjpzptfppqcccnat2ska5t4g:0/1/1
26083820,2026-05-04,AA7E953AD9ED0182B0A8D9E8BC5A64728DC52908B9C37BFC53F89C921544EF7E,ETH.USDC-0XA0B86991C6218B36C1D19D4A2E9EB0CE3606EB48,gaia-atom,thor1s8rxcvg83cwar87ehv4c866auxujkfj3k4wjkxkaren7vmvn9nass80ekp,943945490 ETH-USDC-0XA0B86991C6218B36C1D19D4A2E9EB0CE3606EB48,1699205,0.01699205,0.55166679,0.00937395,=:GAIA-ATOM:thor1n5a08r0zvmqca39ka2tgwlkjy9ugalutk7fjpzptfppqcccnat2ska5t4g/thor1n5a08r0zvmqca39ka2tgwlkjy9ugalutk7fjpzptfppqcccnat2ska5t4g:0/1/1
26083820,2026-05-04,AA7E953AD9ED0182B0A8D9E8BC5A64728DC52908B9C37BFC53F89C921544EF7E,GAIA.ATOM,gaia-atom,thor1s8rxcvg83cwar87ehv4c866auxujkfj3k4wjkxkaren7vmvn9nass80ekp,1697506300 THOR.RUNE,1697601,0.01697601,0.55166679,0.0093651,=:GAIA-ATOM:thor1n5a08r0zvmqca39ka2tgwlkjy9ugalutk7fjpzptfppqcccnat2ska5t4g/thor1n5a08r0zvmqca39ka2tgwlkjy9ugalutk7fjpzptfppqcccnat2ska5t4g:0/1/1
26084022,2026-05-04,40F3A6648604BC8BE8176F9BD7FC58ED63A226873810242238746A0EE0F941E4,ETH.USDC-0XA0B86991C6218B36C1D19D4A2E9EB0CE3606EB48,tcy,thor1kyjky2yprmamj0gfkevyc6tunxev0054gpxjap8k9vkyutkkf5lqyr0xxv,1058662281 THOR.RUNE,1058663,0.01058663,0.55166679,0.00584029,=:ETH-USDC:thor1n5a08r0zvmqca39ka2tgwlkjy9ugalutk7fjpzptfppqcccnat2ska5t4g/thor1n5a08r0zvmqca39ka2tgwlkjy9ugalutk7fjpzptfppqcccnat2ska5t4g:0/1/1
26084022,2026-05-04,40F3A6648604BC8BE8176F9BD7FC58ED63A226873810242238746A0EE0F941E4,THOR.TCY,tcy,thor1kyjky2yprmamj0gfkevyc6tunxev0054gpxjap8k9vkyutkkf5lqyr0xxv,4356089268 THOR.TCY,1059722,0.01059722,0.55166679,0.00584613,=:ETH-USDC:thor1n5a08r0zvmqca39ka2tgwlkjy9ugalutk7fjpzptfppqcccnat2ska5t4g/thor1n5a08r0zvmqca39ka2tgwlkjy9ugalutk7fjpzptfppqcccnat2ska5t4g:0/1/1
26086850,2026-05-04,D870CC731530ED2A8518A9E2B203484053CCDE755FCFCDC6163E87991886CEA5,ETH.USDC-0XA0B86991C6218B36C1D19D4A2E9EB0CE3606EB48,x/ruji,thor17cawwg2lsnvcne69fek6nsqkf8snma6gc5ccceshul86rl0u3q4s5l5d0a,31878159548 THOR.RUNE,31879869,0.31879869,0.55166679,0.17587065,=:ETH-USDC:thor1n5a08r0zvmqca39ka2tgwlkjy9ugalutk7fjpzptfppqcccnat2ska5t4g/thor1n5a08r0zvmqca39ka2tgwlkjy9ugalutk7fjpzptfppqcccnat2ska5t4g:0/1/1
26086850,2026-05-04,D870CC731530ED2A8518A9E2B203484053CCDE755FCFCDC6163E87991886CEA5,THOR.RUJI,x/ruji,thor17cawwg2lsnvcne69fek6nsqkf8snma6gc5ccceshul86rl0u3q4s5l5d0a,50000000000 THOR.RUJI,31910069,0.31910069,0.55166679,0.17603725,=:ETH-USDC:thor1n5a08r0zvmqca39ka2tgwlkjy9ugalutk7fjpzptfppqcccnat2ska5t4g/thor1n5a08r0zvmqca39ka2tgwlkjy9ugalutk7fjpzptfppqcccnat2ska5t4g:0/1/1
26087961,2026-05-04,FE8F92697A619A20FBB911B77CA04EA3F190AEC26883EA8288C3E7946A4AECE5,BTC.BTC,btc-btc,thor1dwsnlqw3lfhamc5dz3r57hlsppx3a2n2d7kppccxfdhfazjh06rs5077sz,1491 BTC-BTC,203218,0.00203218,0.55166679,0.00112109,=:ETH-USDC:thor1n5a08r0zvmqca39ka2tgwlkjy9ugalutk7fjpzptfppqcccnat2ska5t4g/thor1n5a08r0zvmqca39ka2tgwlkjy9ugalutk7fjpzptfppqcccnat2ska5t4g:0/1/1
26087961,2026-05-04,FE8F92697A619A20FBB911B77CA04EA3F190AEC26883EA8288C3E7946A4AECE5,ETH.USDC-0XA0B86991C6218B36C1D19D4A2E9EB0CE3606EB48,btc-btc,thor1dwsnlqw3lfhamc5dz3r57hlsppx3a2n2d7kppccxfdhfazjh06rs5077sz,203014936 THOR.RUNE,203014,0.00203014,0.55166679,0.00111996,=:ETH-USDC:thor1n5a08r0zvmqca39ka2tgwlkjy9ugalutk7fjpzptfppqcccnat2ska5t4g/thor1n5a08r0zvmqca39ka2tgwlkjy9ugalutk7fjpzptfppqcccnat2ska5t4g:0/1/1
26088264,2026-05-04,49DCA0B5842BFA6A5F12EC116796FC2631071F28AEAC8DCBD4AA5A164A6623E5,ETH.ETH,eth-eth,thor1tnd06uswj8033d0kzd5d7zre73u3uc44r2vvez26z5m4kr68vtusf2snva,1 ETH-ETH,3,0.00000003,0.55166679,0.00000002,=:ETH-USDC:thor1n5a08r0zvmqca39ka2tgwlkjy9ugalutk7fjpzptfppqcccnat2ska5t4g/thor1n5a08r0zvmqca39ka2tgwlkjy9ugalutk7fjpzptfppqcccnat2ska5t4g:0/1/1
26088264,2026-05-04,49DCA0B5842BFA6A5F12EC116796FC2631071F28AEAC8DCBD4AA5A164A6623E5,ETH.USDC-0XA0B86991C6218B36C1D19D4A2E9EB0CE3606EB48,eth-eth,thor1tnd06uswj8033d0kzd5d7zre73u3uc44r2vvez26z5m4kr68vtusf2snva,3847 THOR.RUNE,3,0.00000003,0.55166679,0.00000002,=:ETH-USDC:thor1n5a08r0zvmqca39ka2tgwlkjy9ugalutk7fjpzptfppqcccnat2ska5t4g/thor1n5a08r0zvmqca39ka2tgwlkjy9ugalutk7fjpzptfppqcccnat2ska5t4g:0/1/1
26088466,2026-05-04,288BE2BA32507BE6F6812D60CC9C8EF79E29707B6801DCFB46664BD5096B2C4B,ETH.USDC-0XA0B86991C6218B36C1D19D4A2E9EB0CE3606EB48,eth-usdc-0xa0b86991c6218b36c1d19d4a2e9eb0ce3606eb48,thor1y8g3yhzmnwyt6g7jque36eyregf85kgtzem6dgzqxuzrpmzpumvqts7ud7,18932426539 ETH-USDC-0XA0B86991C6218B36C1D19D4A2E9EB0CE3606EB48,31238358,0.31238358,0.55166679,0.17233165,=:r:thor1n5a08r0zvmqca39ka2tgwlkjy9ugalutk7fjpzptfppqcccnat2ska5t4g/thor1n5a08r0zvmqca39ka2tgwlkjy9ugalutk7fjpzptfppqcccnat2ska5t4g:0/1/1
26088466,2026-05-04,3BAABFE699BFEE1AF0D6A607F678B9608F410677664B9CE3A7F04B654539B5CC,ETH.USDC-0XA0B86991C6218B36C1D19D4A2E9EB0CE3606EB48,eth-usdc-0xa0b86991c6218b36c1d19d4a2e9eb0ce3606eb48,thor1y8g3yhzmnwyt6g7jque36eyregf85kgtzem6dgzqxuzrpmzpumvqts7ud7,30444762130 THOR.RUNE,30446380,0.3044638,0.55166679,0.16796257,=:ETH-USDC:thor1n5a08r0zvmqca39ka2tgwlkjy9ugalutk7fjpzptfppqcccnat2ska5t4g/thor1n5a08r0zvmqca39ka2tgwlkjy9ugalutk7fjpzptfppqcccnat2ska5t4g:0/1/1
26088971,2026-05-04,A836DF2394F8B3137734B13478D7E6AD6BF5F19C3AB425C4E482CFEEB4819B59,ETH.USDC-0XA0B86991C6218B36C1D19D4A2E9EB0CE3606EB48,ltc-ltc,thor1ks9qq0nwv7qxtnznesys6ylflwruqlf85er6zls4erwgzkvw0m0qs3rghz,842561886 THOR.RUNE,842563,0.00842563,0.55166679,0.00464814,=:ETH-USDC:thor1n5a08r0zvmqca39ka2tgwlkjy9ugalutk7fjpzptfppqcccnat2ska5t4g/thor1n5a08r0zvmqca39ka2tgwlkjy9ugalutk7fjpzptfppqcccnat2ska5t4g:0/1/1
26088971,2026-05-04,7590CBFB61E768291F3C5C549CFB4B000DE801FD1DBBF73AA2F25DD8A8893053,ETH.USDC-0XA0B86991C6218B36C1D19D4A2E9EB0CE3606EB48,ltc-ltc,thor1ks9qq0nwv7qxtnznesys6ylflwruqlf85er6zls4erwgzkvw0m0qs3rghz,371943 THOR.RUNE,371,0.00000371,0.55166679,0.00000205,=:ETH-USDC:thor1n5a08r0zvmqca39ka2tgwlkjy9ugalutk7fjpzptfppqcccnat2ska5t4g/thor1n5a08r0zvmqca39ka2tgwlkjy9ugalutk7fjpzptfppqcccnat2ska5t4g:0/1/1
26088971,2026-05-04,A836DF2394F8B3137734B13478D7E6AD6BF5F19C3AB425C4E482CFEEB4819B59,LTC.LTC,ltc-ltc,thor1ks9qq0nwv7qxtnznesys6ylflwruqlf85er6zls4erwgzkvw0m0qs3rghz,8830088 LTC-LTC,843405,0.00843405,0.55166679,0.00465279,=:ETH-USDC:thor1n5a08r0zvmqca39ka2tgwlkjy9ugalutk7fjpzptfppqcccnat2ska5t4g/thor1n5a08r0zvmqca39ka2tgwlkjy9ugalutk7fjpzptfppqcccnat2ska5t4g:0/1/1
26088971,2026-05-04,7590CBFB61E768291F3C5C549CFB4B000DE801FD1DBBF73AA2F25DD8A8893053,LTC.LTC,ltc-ltc,thor1ks9qq0nwv7qxtnznesys6ylflwruqlf85er6zls4erwgzkvw0m0qs3rghz,3898 LTC-LTC,372,0.00000372,0.55166679,0.00000205,=:ETH-USDC:thor1n5a08r0zvmqca39ka2tgwlkjy9ugalutk7fjpzptfppqcccnat2ska5t4g/thor1n5a08r0zvmqca39ka2tgwlkjy9ugalutk7fjpzptfppqcccnat2ska5t4g:0/1/1
26092001,2026-05-04,B3E2E49D20CD5BC31FFA7164E6402D3A75F29B59006B3FC6BDFEAF0F56AFBB66,ETH.USDC-0XA0B86991C6218B36C1D19D4A2E9EB0CE3606EB48,xrp-xrp,thor14v89h32ztmfg9d230cjly7ac26fvdkhgq7nkntsw4uy2f3yh2v7qrz6hsw,8281375500 THOR.RUNE,8281493,0.08281493,0.55166679,0.04568625,=:ETH-USDC:thor1n5a08r0zvmqca39ka2tgwlkjy9ugalutk7fjpzptfppqcccnat2ska5t4g/thor1n5a08r0zvmqca39ka2tgwlkjy9ugalutk7fjpzptfppqcccnat2ska5t4g:0/1/1
26092001,2026-05-04,B82A74E6A5CEC9B10B0FF21569093B896EC31946840C48BDFBF72F09BD8CC790,ETH.USDC-0XA0B86991C6218B36C1D19D4A2E9EB0CE3606EB48,xrp-xrp,thor14v89h32ztmfg9d230cjly7ac26fvdkhgq7nkntsw4uy2f3yh2v7qrz6hsw,1703000 THOR.RUNE,1702,0.00001702,0.55166679,0.00000939,=:ETH-USDC:thor1n5a08r0zvmqca39ka2tgwlkjy9ugalutk7fjpzptfppqcccnat2ska5t4g/thor1n5a08r0zvmqca39ka2tgwlkjy9ugalutk7fjpzptfppqcccnat2ska5t4g:0/1/1
26092001,2026-05-04,B3E2E49D20CD5BC31FFA7164E6402D3A75F29B59006B3FC6BDFEAF0F56AFBB66,XRP.XRP,xrp-xrp,thor14v89h32ztmfg9d230cjly7ac26fvdkhgq7nkntsw4uy2f3yh2v7qrz6hsw,3469245013 XRP-XRP,8289665,0.08289665,0.55166679,0.04573133,=:ETH-USDC:thor1n5a08r0zvmqca39ka2tgwlkjy9ugalutk7fjpzptfppqcccnat2ska5t4g/thor1n5a08r0zvmqca39ka2tgwlkjy9ugalutk7fjpzptfppqcccnat2ska5t4g:0/1/1
26092001,2026-05-04,B82A74E6A5CEC9B10B0FF21569093B896EC31946840C48BDFBF72F09BD8CC790,XRP.XRP,xrp-xrp,thor14v89h32ztmfg9d230cjly7ac26fvdkhgq7nkntsw4uy2f3yh2v7qrz6hsw,713502 XRP-XRP,1704,0.00001704,0.55166679,0.0000094,=:ETH-USDC:thor1n5a08r0zvmqca39ka2tgwlkjy9ugalutk7fjpzptfppqcccnat2ska5t4g/thor1n5a08r0zvmqca39ka2tgwlkjy9ugalutk7fjpzptfppqcccnat2ska5t4g:0/1/1
26093011,2026-05-04,5DA06BF66D690D5ADE220EB4C4EE4B95AC36A6679159B185665530A688BCBF93,BTC.BTC,btc-btc,thor1dwsnlqw3lfhamc5dz3r57hlsppx3a2n2d7kppccxfdhfazjh06rs5077sz,1 BTC-BTC,134,0.00000134,0.55166679,0.00000074,=:ETH-USDC:thor1n5a08r0zvmqca39ka2tgwlkjy9ugalutk7fjpzptfppqcccnat2ska5t4g/thor1n5a08r0zvmqca39ka2tgwlkjy9ugalutk7fjpzptfppqcccnat2ska5t4g:0/1/1
26093011,2026-05-04,5DA06BF66D690D5ADE220EB4C4EE4B95AC36A6679159B185665530A688BCBF93,ETH.USDC-0XA0B86991C6218B36C1D19D4A2E9EB0CE3606EB48,btc-btc,thor1dwsnlqw3lfhamc5dz3r57hlsppx3a2n2d7kppccxfdhfazjh06rs5077sz,134228 THOR.RUNE,134,0.00000134,0.55166679,0.00000074,=:ETH-USDC:thor1n5a08r0zvmqca39ka2tgwlkjy9ugalutk7fjpzptfppqcccnat2ska5t4g/thor1n5a08r0zvmqca39ka2tgwlkjy9ugalutk7fjpzptfppqcccnat2ska5t4g:0/1/1
26093314,2026-05-04,7530B357EE95CC3CD91D50ADEC06B0793A5712524D1A4DE1F605E48FD0447B72,ETH.ETH,eth-eth,thor1tnd06uswj8033d0kzd5d7zre73u3uc44r2vvez26z5m4kr68vtusf2snva,176935800 THOR.RUNE,174091,0.00174091,0.55166679,0.0009604,=:ETH-ETH:thor1n5a08r0zvmqca39ka2tgwlkjy9ugalutk7fjpzptfppqcccnat2ska5t4g/thor1n5a08r0zvmqca39ka2tgwlkjy9ugalutk7fjpzptfppqcccnat2ska5t4g:0/1/1
26093314,2026-05-04,7530B357EE95CC3CD91D50ADEC06B0793A5712524D1A4DE1F605E48FD0447B72,ETH.USDC-0XA0B86991C6218B36C1D19D4A2E9EB0CE3606EB48,eth-eth,thor1tnd06uswj8033d0kzd5d7zre73u3uc44r2vvez26z5m4kr68vtusf2snva,105482831 ETH-USDC-0XA0B86991C6218B36C1D19D4A2E9EB0CE3606EB48,177112,0.00177112,0.55166679,0.00097707,=:ETH-ETH:thor1n5a08r0zvmqca39ka2tgwlkjy9ugalutk7fjpzptfppqcccnat2ska5t4g/thor1n5a08r0zvmqca39ka2tgwlkjy9ugalutk7fjpzptfppqcccnat2ska5t4g:0/1/1
26093516,2026-05-04,CD9E408D76AA843D60F0E8B9AA61F0A81AF96DCB99DDDE497A5C57A9419DC3CA,ETH.USDC-0XA0B86991C6218B36C1D19D4A2E9EB0CE3606EB48,eth-usdc-0xa0b86991c6218b36c1d19d4a2e9eb0ce3606eb48,thor1y8g3yhzmnwyt6g7jque36eyregf85kgtzem6dgzqxuzrpmzpumvqts7ud7,25000000000 ETH-USDC-0XA0B86991C6218B36C1D19D4A2E9EB0CE3606EB48,41945695,0.41945695,0.55166679,0.23140047,=:r:thor1n5a08r0zvmqca39ka2tgwlkjy9ugalutk7fjpzptfppqcccnat2ska5t4g/thor1n5a08r0zvmqca39ka2tgwlkjy9ugalutk7fjpzptfppqcccnat2ska5t4g:0/1/1
26093516,2026-05-04,83F1D57EE0F0AB22D64BF93FE87B7BF510B708403BC8D703BC363989BAAD414B,ETH.USDC-0XA0B86991C6218B36C1D19D4A2E9EB0CE3606EB48,eth-usdc-0xa0b86991c6218b36c1d19d4a2e9eb0ce3606eb48,thor1y8g3yhzmnwyt6g7jque36eyregf85kgtzem6dgzqxuzrpmzpumvqts7ud7,154504292 ETH-USDC-0XA0B86991C6218B36C1D19D4A2E9EB0CE3606EB48,259212,0.00259212,0.55166679,0.00142999,=:r:thor1n5a08r0zvmqca39ka2tgwlkjy9ugalutk7fjpzptfppqcccnat2ska5t4g/thor1n5a08r0zvmqca39ka2tgwlkjy9ugalutk7fjpzptfppqcccnat2ska5t4g:0/1/1
26093920,2026-05-04,2C8C11A414F2BA2DC654BDD56908D28787B7DDE7BEAD72EECEE71C9E6052EA84,ETH.USDC-0XA0B86991C6218B36C1D19D4A2E9EB0CE3606EB48,gaia-atom,thor1s8rxcvg83cwar87ehv4c866auxujkfj3k4wjkxkaren7vmvn9nass80ekp,2144709300 THOR.RUNE,2144716,0.02144716,0.55166679,0.01183169,=:ETH-USDC:thor1n5a08r0zvmqca39ka2tgwlkjy9ugalutk7fjpzptfppqcccnat2ska5t4g/thor1n5a08r0zvmqca39ka2tgwlkjy9ugalutk7fjpzptfppqcccnat2ska5t4g:0/1/1
26093920,2026-05-04,EE675193B8447E61B5B3158D5E6EDB417EC71B082C769D2A29C7FA6DA4A0B9C8,ETH.USDC-0XA0B86991C6218B36C1D19D4A2E9EB0CE3606EB48,gaia-atom,thor1s8rxcvg83cwar87ehv4c866auxujkfj3k4wjkxkaren7vmvn9nass80ekp,498500 THOR.RUNE,497,0.00000497,0.55166679,0.00000274,=:ETH-USDC:thor1n5a08r0zvmqca39ka2tgwlkjy9ugalutk7fjpzptfppqcccnat2ska5t4g/thor1n5a08r0zvmqca39ka2tgwlkjy9ugalutk7fjpzptfppqcccnat2ska5t4g:0/1/1
26093920,2026-05-04,2C8C11A414F2BA2DC654BDD56908D28787B7DDE7BEAD72EECEE71C9E6052EA84,GAIA.ATOM,gaia-atom,thor1s8rxcvg83cwar87ehv4c866auxujkfj3k4wjkxkaren7vmvn9nass80ekp,658495414 GAIA-ATOM,2146856,0.02146856,0.55166679,0.01184349,=:ETH-USDC:thor1n5a08r0zvmqca39ka2tgwlkjy9ugalutk7fjpzptfppqcccnat2ska5t4g/thor1n5a08r0zvmqca39ka2tgwlkjy9ugalutk7fjpzptfppqcccnat2ska5t4g:0/1/1
26093920,2026-05-04,EE675193B8447E61B5B3158D5E6EDB417EC71B082C769D2A29C7FA6DA4A0B9C8,GAIA.ATOM,gaia-atom,thor1s8rxcvg83cwar87ehv4c866auxujkfj3k4wjkxkaren7vmvn9nass80ekp,153071 GAIA-ATOM,499,0.00000499,0.55166679,0.00000275,=:ETH-USDC:thor1n5a08r0zvmqca39ka2tgwlkjy9ugalutk7fjpzptfppqcccnat2ska5t4g/thor1n5a08r0zvmqca39ka2tgwlkjy9ugalutk7fjpzptfppqcccnat2ska5t4g:0/1/1
26094122,2026-05-04,93653D8DEA1219263ABC1AA6084FB4812DC2BB801044B42E1DE327662C8C8F66,ETH.USDC-0XA0B86991C6218B36C1D19D4A2E9EB0CE3606EB48,tcy,thor1kyjky2yprmamj0gfkevyc6tunxev0054gpxjap8k9vkyutkkf5lqyr0xxv,6139110615 THOR.RUNE,6139175,0.06139175,0.55166679,0.03386779,=:ETH-USDC:thor1n5a08r0zvmqca39ka2tgwlkjy9ugalutk7fjpzptfppqcccnat2ska5t4g/thor1n5a08r0zvmqca39ka2tgwlkjy9ugalutk7fjpzptfppqcccnat2ska5t4g:0/1/1
26094122,2026-05-04,1C35C2D0EFDE59AA667FF5B45010B3148789C4FBFE18DDDD2932641977072433,ETH.USDC-0XA0B86991C6218B36C1D19D4A2E9EB0CE3606EB48,tcy,thor1kyjky2yprmamj0gfkevyc6tunxev0054gpxjap8k9vkyutkkf5lqyr0xxv,1351182135 THOR.RUNE,1351184,0.01351184,0.55166679,0.00745403,=:ETH-USDC:thor1n5a08r0zvmqca39ka2tgwlkjy9ugalutk7fjpzptfppqcccnat2ska5t4g/thor1n5a08r0zvmqca39ka2tgwlkjy9ugalutk7fjpzptfppqcccnat2ska5t4g:0/1/1
26094122,2026-05-04,93653D8DEA1219263ABC1AA6084FB4812DC2BB801044B42E1DE327662C8C8F66,THOR.TCY,tcy,thor1kyjky2yprmamj0gfkevyc6tunxev0054gpxjap8k9vkyutkkf5lqyr0xxv,25739486555 THOR.TCY,6145255,0.06145255,0.55166679,0.03390133,=:ETH-USDC:thor1n5a08r0zvmqca39ka2tgwlkjy9ugalutk7fjpzptfppqcccnat2ska5t4g/thor1n5a08r0zvmqca39ka2tgwlkjy9ugalutk7fjpzptfppqcccnat2ska5t4g:0/1/1
26094122,2026-05-04,1C35C2D0EFDE59AA667FF5B45010B3148789C4FBFE18DDDD2932641977072433,THOR.TCY,tcy,thor1kyjky2yprmamj0gfkevyc6tunxev0054gpxjap8k9vkyutkkf5lqyr0xxv,5665996067 THOR.TCY,1352534,0.01352534,0.55166679,0.00746148,=:ETH-USDC:thor1n5a08r0zvmqca39ka2tgwlkjy9ugalutk7fjpzptfppqcccnat2ska5t4g/thor1n5a08r0zvmqca39ka2tgwlkjy9ugalutk7fjpzptfppqcccnat2ska5t4g:0/1/1
26096950,2026-05-04,A05EECE2F982AF507B278BD6F731B911A21054A807050A85BCFD8881F8056A48,ETH.USDC-0XA0B86991C6218B36C1D19D4A2E9EB0CE3606EB48,x/ruji,thor17cawwg2lsnvcne69fek6nsqkf8snma6gc5ccceshul86rl0u3q4s5l5d0a,31984258479 THOR.RUNE,31986041,0.31986041,0.55166679,0.17645637,=:ETH-USDC:thor1n5a08r0zvmqca39ka2tgwlkjy9ugalutk7fjpzptfppqcccnat2ska5t4g/thor1n5a08r0zvmqca39ka2tgwlkjy9ugalutk7fjpzptfppqcccnat2ska5t4g:0/1/1
26096950,2026-05-04,A05EECE2F982AF507B278BD6F731B911A21054A807050A85BCFD8881F8056A48,THOR.RUJI,x/ruji,thor17cawwg2lsnvcne69fek6nsqkf8snma6gc5ccceshul86rl0u3q4s5l5d0a,50000000000 THOR.RUJI,32016274,0.32016274,0.55166679,0.17662315,=:ETH-USDC:thor1n5a08r0zvmqca39ka2tgwlkjy9ugalutk7fjpzptfppqcccnat2ska5t4g/thor1n5a08r0zvmqca39ka2tgwlkjy9ugalutk7fjpzptfppqcccnat2ska5t4g:0/1/1
26098566,2026-05-04,7AFB58ACB5C4B8AE9376B670BA815D524F72381D65E12A931CC4DDF3C940F18B,ETH.USDC-0XA0B86991C6218B36C1D19D4A2E9EB0CE3606EB48,eth-usdc-0xa0b86991c6218b36c1d19d4a2e9eb0ce3606eb48,thor1y8g3yhzmnwyt6g7jque36eyregf85kgtzem6dgzqxuzrpmzpumvqts7ud7,25000000000 ETH-USDC-0XA0B86991C6218B36C1D19D4A2E9EB0CE3606EB48,41903528,0.41903528,0.55166679,0.23116785,=:r:thor1n5a08r0zvmqca39ka2tgwlkjy9ugalutk7fjpzptfppqcccnat2ska5t4g/thor1n5a08r0zvmqca39ka2tgwlkjy9ugalutk7fjpzptfppqcccnat2ska5t4g:0/1/1
26098566,2026-05-04,EC3F393DED8984DA17E785014C9095944D05F3E9FD9CD893DEF0EED8A1FBC966,ETH.USDC-0XA0B86991C6218B36C1D19D4A2E9EB0CE3606EB48,eth-usdc-0xa0b86991c6218b36c1d19d4a2e9eb0ce3606eb48,thor1y8g3yhzmnwyt6g7jque36eyregf85kgtzem6dgzqxuzrpmzpumvqts7ud7,2782421848 ETH-USDC-0XA0B86991C6218B36C1D19D4A2E9EB0CE3606EB48,4663354,0.04663354,0.55166679,0.02572618,=:r:thor1n5a08r0zvmqca39ka2tgwlkjy9ugalutk7fjpzptfppqcccnat2ska5t4g/thor1n5a08r0zvmqca39ka2tgwlkjy9ugalutk7fjpzptfppqcccnat2ska5t4g:0/1/1
26099172,2026-05-04,0F1DE4EDF97C85A5438AB50CCADFBB619BC0BDA9CF7E7D535CB26C0057610EBE,ETH.USDC-0XA0B86991C6218B36C1D19D4A2E9EB0CE3606EB48,tcy,thor1kyjky2yprmamj0gfkevyc6tunxev0054gpxjap8k9vkyutkkf5lqyr0xxv,142488065 ETH-USDC-0XA0B86991C6218B36C1D19D4A2E9EB0CE3606EB48,239594,0.00239594,0.55166679,0.00132176,=:THOR.TCY:thor1n5a08r0zvmqca39ka2tgwlkjy9ugalutk7fjpzptfppqcccnat2ska5t4g/thor1n5a08r0zvmqca39ka2tgwlkjy9ugalutk7fjpzptfppqcccnat2ska5t4g:0/1/1
26099172,2026-05-04,0F1DE4EDF97C85A5438AB50CCADFBB619BC0BDA9CF7E7D535CB26C0057610EBE,THOR.TCY,tcy,thor1kyjky2yprmamj0gfkevyc6tunxev0054gpxjap8k9vkyutkkf5lqyr0xxv,239355000 THOR.RUNE,239356,0.00239356,0.55166679,0.00132045,=:THOR.TCY:thor1n5a08r0zvmqca39ka2tgwlkjy9ugalutk7fjpzptfppqcccnat2ska5t4g/thor1n5a08r0zvmqca39ka2tgwlkjy9ugalutk7fjpzptfppqcccnat2ska5t4g:0/1/1
26102000,2026-05-04,94D89511D1D717CDD66A1D6A892137320501C8CF79EBD241B789124EF799F9D2,ETH.USDC-0XA0B86991C6218B36C1D19D4A2E9EB0CE3606EB48,x/ruji,thor17cawwg2lsnvcne69fek6nsqkf8snma6gc5ccceshul86rl0u3q4s5l5d0a,14606404997 THOR.RUNE,14606772,0.14606772,0.55166679,0.08058071,=:ETH-USDC:thor1n5a08r0zvmqca39ka2tgwlkjy9ugalutk7fjpzptfppqcccnat2ska5t4g/thor1n5a08r0zvmqca39ka2tgwlkjy9ugalutk7fjpzptfppqcccnat2ska5t4g:0/1/1
26102000,2026-05-04,94D89511D1D717CDD66A1D6A892137320501C8CF79EBD241B789124EF799F9D2,THOR.RUJI,x/ruji,thor17cawwg2lsnvcne69fek6nsqkf8snma6gc5ccceshul86rl0u3q4s5l5d0a,22783486272 THOR.RUJI,14621026,0.14621026,0.55166679,0.08065934,=:ETH-USDC:thor1n5a08r0zvmqca39ka2tgwlkjy9ugalutk7fjpzptfppqcccnat2ska5t4g/thor1n5a08r0zvmqca39ka2tgwlkjy9ugalutk7fjpzptfppqcccnat2ska5t4g:0/1/1
26103616,2026-05-04,262B0C4054D59D25175BDF9FA20060E0DE935312AC6DDA577B099BA051DACFDE,ETH.USDC-0XA0B86991C6218B36C1D19D4A2E9EB0CE3606EB48,eth-usdc-0xa0b86991c6218b36c1d19d4a2e9eb0ce3606eb48,thor1y8g3yhzmnwyt6g7jque36eyregf85kgtzem6dgzqxuzrpmzpumvqts7ud7,20101346693 ETH-USDC-0XA0B86991C6218B36C1D19D4A2E9EB0CE3606EB48,34019051,0.34019051,0.55166679,0.18767181,=:r:thor1n5a08r0zvmqca39ka2tgwlkjy9ugalutk7fjpzptfppqcccnat2ska5t4g/thor1n5a08r0zvmqca39ka2tgwlkjy9ugalutk7fjpzptfppqcccnat2ska5t4g:0/1/1
26103616,2026-05-04,B97D08257213B350A46AD9E1639868D559EE07336421513461326D13B4180EE1,ETH.USDC-0XA0B86991C6218B36C1D19D4A2E9EB0CE3606EB48,eth-usdc-0xa0b86991c6218b36c1d19d4a2e9eb0ce3606eb48,thor1y8g3yhzmnwyt6g7jque36eyregf85kgtzem6dgzqxuzrpmzpumvqts7ud7,260297555 THOR.RUNE,260296,0.00260296,0.55166679,0.00143597,=:ETH-USDC:thor1n5a08r0zvmqca39ka2tgwlkjy9ugalutk7fjpzptfppqcccnat2ska5t4g/thor1n5a08r0zvmqca39ka2tgwlkjy9ugalutk7fjpzptfppqcccnat2ska5t4g:0/1/1
26104222,2026-05-04,61A83FB78C1A7A466F57FF81F03515393251247F2EFF3C24B2EC16010335621F,ETH.USDC-0XA0B86991C6218B36C1D19D4A2E9EB0CE3606EB48,tcy,thor1kyjky2yprmamj0gfkevyc6tunxev0054gpxjap8k9vkyutkkf5lqyr0xxv,526723979 THOR.RUNE,526723,0.00526723,0.55166679,0.00290576,=:ETH-USDC:thor1n5a08r0zvmqca39ka2tgwlkjy9ugalutk7fjpzptfppqcccnat2ska5t4g/thor1n5a08r0zvmqca39ka2tgwlkjy9ugalutk7fjpzptfppqcccnat2ska5t4g:0/1/1
26104222,2026-05-04,EC6381CF2612A643FE8A4C16F05B79A5DBF661D3D35A24FF0B621EAFA6BB482E,ETH.USDC-0XA0B86991C6218B36C1D19D4A2E9EB0CE3606EB48,tcy,thor1kyjky2yprmamj0gfkevyc6tunxev0054gpxjap8k9vkyutkkf5lqyr0xxv,48099794 THOR.RUNE,48099,0.00048099,0.55166679,0.00026535,=:ETH-USDC:thor1n5a08r0zvmqca39ka2tgwlkjy9ugalutk7fjpzptfppqcccnat2ska5t4g/thor1n5a08r0zvmqca39ka2tgwlkjy9ugalutk7fjpzptfppqcccnat2ska5t4g:0/1/1
26104222,2026-05-04,61A83FB78C1A7A466F57FF81F03515393251247F2EFF3C24B2EC16010335621F,THOR.TCY,tcy,thor1kyjky2yprmamj0gfkevyc6tunxev0054gpxjap8k9vkyutkkf5lqyr0xxv,2249136063 THOR.TCY,527251,0.00527251,0.55166679,0.00290867,=:ETH-USDC:thor1n5a08r0zvmqca39ka2tgwlkjy9ugalutk7fjpzptfppqcccnat2ska5t4g/thor1n5a08r0zvmqca39ka2tgwlkjy9ugalutk7fjpzptfppqcccnat2ska5t4g:0/1/1
26104222,2026-05-04,EC6381CF2612A643FE8A4C16F05B79A5DBF661D3D35A24FF0B621EAFA6BB482E,THOR.TCY,tcy,thor1kyjky2yprmamj0gfkevyc6tunxev0054gpxjap8k9vkyutkkf5lqyr0xxv,205390861 THOR.TCY,48147,0.00048147,0.55166679,0.00026561,=:ETH-USDC:thor1n5a08r0zvmqca39ka2tgwlkjy9ugalutk7fjpzptfppqcccnat2ska5t4g/thor1n5a08r0zvmqca39ka2tgwlkjy9ugalutk7fjpzptfppqcccnat2ska5t4g:0/1/1
26107050,2026-05-04,C7C12B6B67B5DF98938CD4E69C0EBF819BCE51CCF26C74A710FF36B6EF81A578,ETH.USDC-0XA0B86991C6218B36C1D19D4A2E9EB0CE3606EB48,x/ruji,thor17cawwg2lsnvcne69fek6nsqkf8snma6gc5ccceshul86rl0u3q4s5l5d0a,16304253938 THOR.RUNE,16304714,0.16304714,0.55166679,0.08994769,=:ETH-USDC:thor1n5a08r0zvmqca39ka2tgwlkjy9ugalutk7fjpzptfppqcccnat2ska5t4g/thor1n5a08r0zvmqca39ka2tgwlkjy9ugalutk7fjpzptfppqcccnat2ska5t4g:0/1/1
26107050,2026-05-04,C7C12B6B67B5DF98938CD4E69C0EBF819BCE51CCF26C74A710FF36B6EF81A578,THOR.RUJI,x/ruji,thor17cawwg2lsnvcne69fek6nsqkf8snma6gc5ccceshul86rl0u3q4s5l5d0a,25738734937 THOR.RUJI,16320574,0.16320574,0.55166679,0.09003519,=:ETH-USDC:thor1n5a08r0zvmqca39ka2tgwlkjy9ugalutk7fjpzptfppqcccnat2ska5t4g/thor1n5a08r0zvmqca39ka2tgwlkjy9ugalutk7fjpzptfppqcccnat2ska5t4g:0/1/1
26108161,2026-05-04,DBF46EA7620A245FA842CC976D03DAD07B00A599419F360719C4CDCC4D3BB2F8,BTC.BTC,btc-btc,thor1dwsnlqw3lfhamc5dz3r57hlsppx3a2n2d7kppccxfdhfazjh06rs5077sz,1 BTC-BTC,135,0.00000135,0.55166679,0.00000074,=:ETH-USDC:thor1n5a08r0zvmqca39ka2tgwlkjy9ugalutk7fjpzptfppqcccnat2ska5t4g/thor1n5a08r0zvmqca39ka2tgwlkjy9ugalutk7fjpzptfppqcccnat2ska5t4g:0/1/1
26108161,2026-05-04,DBF46EA7620A245FA842CC976D03DAD07B00A599419F360719C4CDCC4D3BB2F8,ETH.USDC-0XA0B86991C6218B36C1D19D4A2E9EB0CE3606EB48,btc-btc,thor1dwsnlqw3lfhamc5dz3r57hlsppx3a2n2d7kppccxfdhfazjh06rs5077sz,135214 THOR.RUNE,134,0.00000134,0.55166679,0.00000074,=:ETH-USDC:thor1n5a08r0zvmqca39ka2tgwlkjy9ugalutk7fjpzptfppqcccnat2ska5t4g/thor1n5a08r0zvmqca39ka2tgwlkjy9ugalutk7fjpzptfppqcccnat2ska5t4g:0/1/1
26108565,2026-05-04,66DF684D9D80C2CA3FF082C6C0A738369E2AC2ACABEBCD14F2D12250AAC7065D,ETH.GUSD-0X056FD409E1D7A124BD7017459DFEA2F387B6D5CD,eth-gusd-0x056fd409e1d7a124bd7017459dfea2f387b6d5cd,thor19pdw7vjkhk0qhvn7r3xgj6f5zyyj700w6my3z28cv9ugzu7gp5rqv5596l,528840800 THOR.RUNE,528856,0.00528856,0.55166679,0.00291752,=:ETH-GUSD:thor1n5a08r0zvmqca39ka2tgwlkjy9ugalutk7fjpzptfppqcccnat2ska5t4g/thor1n5a08r0zvmqca39ka2tgwlkjy9ugalutk7fjpzptfppqcccnat2ska5t4g:0/1/1
26108565,2026-05-04,66DF684D9D80C2CA3FF082C6C0A738369E2AC2ACABEBCD14F2D12250AAC7065D,ETH.USDC-0XA0B86991C6218B36C1D19D4A2E9EB0CE3606EB48,eth-gusd-0x056fd409e1d7a124bd7017459dfea2f387b6d5cd,thor19pdw7vjkhk0qhvn7r3xgj6f5zyyj700w6my3z28cv9ugzu7gp5rqv5596l,314336167 ETH-USDC-0XA0B86991C6218B36C1D19D4A2E9EB0CE3606EB48,529370,0.0052937,0.55166679,0.00292036,=:ETH-GUSD:thor1n5a08r0zvmqca39ka2tgwlkjy9ugalutk7fjpzptfppqcccnat2ska5t4g/thor1n5a08r0zvmqca39ka2tgwlkjy9ugalutk7fjpzptfppqcccnat2ska5t4g:0/1/1
26108666,2026-05-04,2D2FF6DAD42ABF9839B642EF6C875278054A1CD4260165A92EADEEDDAE8723E0,ETH.USDC-0XA0B86991C6218B36C1D19D4A2E9EB0CE3606EB48,eth-usdc-0xa0b86991c6218b36c1d19d4a2e9eb0ce3606eb48,thor1y8g3yhzmnwyt6g7jque36eyregf85kgtzem6dgzqxuzrpmzpumvqts7ud7,22808659049 ETH-USDC-0XA0B86991C6218B36C1D19D4A2E9EB0CE3606EB48,38403653,0.38403653,0.55166679,0.2118602,=:r:thor1n5a08r0zvmqca39ka2tgwlkjy9ugalutk7fjpzptfppqcccnat2ska5t4g/thor1n5a08r0zvmqca39ka2tgwlkjy9ugalutk7fjpzptfppqcccnat2ska5t4g:0/1/1
26113211,2026-05-04,A02A036BAA71D00D65C873FC6B24446E0ABFB112B1CCC95F3A1014694F2709AE,BTC.BTC,btc-btc,thor1dwsnlqw3lfhamc5dz3r57hlsppx3a2n2d7kppccxfdhfazjh06rs5077sz,1552 BTC-BTC,211872,0.00211872,0.55166679,0.00116883,=:ETH-USDC:thor1n5a08r0zvmqca39ka2tgwlkjy9ugalutk7fjpzptfppqcccnat2ska5t4g/thor1n5a08r0zvmqca39ka2tgwlkjy9ugalutk7fjpzptfppqcccnat2ska5t4g:0/1/1
26113211,2026-05-04,A02A036BAA71D00D65C873FC6B24446E0ABFB112B1CCC95F3A1014694F2709AE,ETH.USDC-0XA0B86991C6218B36C1D19D4A2E9EB0CE3606EB48,btc-btc,thor1dwsnlqw3lfhamc5dz3r57hlsppx3a2n2d7kppccxfdhfazjh06rs5077sz,211660502 THOR.RUNE,211659,0.00211659,0.55166679,0.00116765,=:ETH-USDC:thor1n5a08r0zvmqca39ka2tgwlkjy9ugalutk7fjpzptfppqcccnat2ska5t4g/thor1n5a08r0zvmqca39ka2tgwlkjy9ugalutk7fjpzptfppqcccnat2ska5t4g:0/1/1
26113716,2026-05-04,9EDCAC05C1E077B679C3B97C76613EF43E0A1509428077C58C210620663D1652,ETH.USDC-0XA0B86991C6218B36C1D19D4A2E9EB0CE3606EB48,eth-usdc-0xa0b86991c6218b36c1d19d4a2e9eb0ce3606eb48,thor1y8g3yhzmnwyt6g7jque36eyregf85kgtzem6dgzqxuzrpmzpumvqts7ud7,18729019351 ETH-USDC-0XA0B86991C6218B36C1D19D4A2E9EB0CE3606EB48,31495090,0.3149509,0.55166679,0.17374795,=:r:thor1n5a08r0zvmqca39ka2tgwlkjy9ugalutk7fjpzptfppqcccnat2ska5t4g/thor1n5a08r0zvmqca39ka2tgwlkjy9ugalutk7fjpzptfppqcccnat2ska5t4g:0/1/1
26113716,2026-05-04,658831193087742F422867BC18526133C753FFD3E46C33703A41E44BCCD9040A,ETH.USDC-0XA0B86991C6218B36C1D19D4A2E9EB0CE3606EB48,eth-usdc-0xa0b86991c6218b36c1d19d4a2e9eb0ce3606eb48,thor1y8g3yhzmnwyt6g7jque36eyregf85kgtzem6dgzqxuzrpmzpumvqts7ud7,728132771 THOR.RUNE,728132,0.00728132,0.55166679,0.00401686,=:ETH-USDC:thor1n5a08r0zvmqca39ka2tgwlkjy9ugalutk7fjpzptfppqcccnat2ska5t4g/thor1n5a08r0zvmqca39ka2tgwlkjy9ugalutk7fjpzptfppqcccnat2ska5t4g:0/1/1
26114322,2026-05-04,55E0595EAA6CB946345ACAB04478DFF8F26A236AD588241D2AE87F1BD075C69A,ETH.USDC-0XA0B86991C6218B36C1D19D4A2E9EB0CE3606EB48,tcy,thor1kyjky2yprmamj0gfkevyc6tunxev0054gpxjap8k9vkyutkkf5lqyr0xxv,5781223576 THOR.RUNE,5781281,0.05781281,0.55166679,0.03189341,=:ETH-USDC:thor1n5a08r0zvmqca39ka2tgwlkjy9ugalutk7fjpzptfppqcccnat2ska5t4g/thor1n5a08r0zvmqca39ka2tgwlkjy9ugalutk7fjpzptfppqcccnat2ska5t4g:0/1/1
26114322,2026-05-04,55E0595EAA6CB946345ACAB04478DFF8F26A236AD588241D2AE87F1BD075C69A,THOR.TCY,tcy,thor1kyjky2yprmamj0gfkevyc6tunxev0054gpxjap8k9vkyutkkf5lqyr0xxv,25880721423 THOR.TCY,5787010,0.0578701,0.55166679,0.03192501,=:ETH-USDC:thor1n5a08r0zvmqca39ka2tgwlkjy9ugalutk7fjpzptfppqcccnat2ska5t4g/thor1n5a08r0zvmqca39ka2tgwlkjy9ugalutk7fjpzptfppqcccnat2ska5t4g:0/1/1
26117150,2026-05-04,7933BAAF0B47E51BBCAF8F1A872A61A0E3D47A6F7BFD49CBD8C9779D09715FA7,ETH.USDC-0XA0B86991C6218B36C1D19D4A2E9EB0CE3606EB48,x/ruji,thor17cawwg2lsnvcne69fek6nsqkf8snma6gc5ccceshul86rl0u3q4s5l5d0a,89733118 THOR.RUNE,89732,0.00089732,0.55166679,0.00049502,=:ETH-USDC:thor1n5a08r0zvmqca39ka2tgwlkjy9ugalutk7fjpzptfppqcccnat2ska5t4g/thor1n5a08r0zvmqca39ka2tgwlkjy9ugalutk7fjpzptfppqcccnat2ska5t4g:0/1/1
26117150,2026-05-04,7933BAAF0B47E51BBCAF8F1A872A61A0E3D47A6F7BFD49CBD8C9779D09715FA7,THOR.RUJI,x/ruji,thor17cawwg2lsnvcne69fek6nsqkf8snma6gc5ccceshul86rl0u3q4s5l5d0a,141558496 THOR.RUJI,89822,0.00089822,0.55166679,0.00049552,=:ETH-USDC:thor1n5a08r0zvmqca39ka2tgwlkjy9ugalutk7fjpzptfppqcccnat2ska5t4g/thor1n5a08r0zvmqca39ka2tgwlkjy9ugalutk7fjpzptfppqcccnat2ska5t4g:0/1/1
26118564,2026-05-04,C7827F6DD037E8595568215C0C9249801CA230C20BCECA88C6265D420B7C21AB,ETH.ETH,eth-eth,thor1tnd06uswj8033d0kzd5d7zre73u3uc44r2vvez26z5m4kr68vtusf2snva,8859705 ETH-ETH,33892193,0.33892193,0.55166679,0.18697197,=:ETH-USDC:thor1n5a08r0zvmqca39ka2tgwlkjy9ugalutk7fjpzptfppqcccnat2ska5t4g/thor1n5a08r0zvmqca39ka2tgwlkjy9ugalutk7fjpzptfppqcccnat2ska5t4g:0/1/1
26118564,2026-05-04,89E700259FE5E8CD15F65B342CFB8487C58F5C33664636CDB3E0B92580EAF59A,ETH.ETH,eth-eth,thor1tnd06uswj8033d0kzd5d7zre73u3uc44r2vvez26z5m4kr68vtusf2snva,2411 ETH-ETH,9222,0.00009222,0.55166679,0.00005087,=:ETH-USDC:thor1n5a08r0zvmqca39ka2tgwlkjy9ugalutk7fjpzptfppqcccnat2ska5t4g/thor1n5a08r0zvmqca39ka2tgwlkjy9ugalutk7fjpzptfppqcccnat2ska5t4g:0/1/1
26118564,2026-05-04,C7827F6DD037E8595568215C0C9249801CA230C20BCECA88C6265D420B7C21AB,ETH.USDC-0XA0B86991C6218B36C1D19D4A2E9EB0CE3606EB48,eth-eth,thor1tnd06uswj8033d0kzd5d7zre73u3uc44r2vvez26z5m4kr68vtusf2snva,33858301633 THOR.RUNE,33860316,0.33860316,0.55166679,0.18679612,=:ETH-USDC:thor1n5a08r0zvmqca39ka2tgwlkjy9ugalutk7fjpzptfppqcccnat2ska5t4g/thor1n5a08r0zvmqca39ka2tgwlkjy9ugalutk7fjpzptfppqcccnat2ska5t4g:0/1/1
26118564,2026-05-04,89E700259FE5E8CD15F65B342CFB8487C58F5C33664636CDB3E0B92580EAF59A,ETH.USDC-0XA0B86991C6218B36C1D19D4A2E9EB0CE3606EB48,eth-eth,thor1tnd06uswj8033d0kzd5d7zre73u3uc44r2vvez26z5m4kr68vtusf2snva,9213612 THOR.RUNE,9214,0.00009214,0.55166679,0.00005083,=:ETH-USDC:thor1n5a08r0zvmqca39ka2tgwlkjy9ugalutk7fjpzptfppqcccnat2ska5t4g/thor1n5a08r0zvmqca39ka2tgwlkjy9ugalutk7fjpzptfppqcccnat2ska5t4g:0/1/1
26118766,2026-05-04,3D719F022AE4B9CD1A0493AE49BED7543DC37877A6BA1FE15CA552F25C4BEF07,ETH.USDC-0XA0B86991C6218B36C1D19D4A2E9EB0CE3606EB48,eth-usdc-0xa0b86991c6218b36c1d19d4a2e9eb0ce3606eb48,thor1y8g3yhzmnwyt6g7jque36eyregf85kgtzem6dgzqxuzrpmzpumvqts7ud7,24452795496 ETH-USDC-0XA0B86991C6218B36C1D19D4A2E9EB0CE3606EB48,40106565,0.40106565,0.55166679,0.2212546,=:r:thor1n5a08r0zvmqca39ka2tgwlkjy9ugalutk7fjpzptfppqcccnat2ska5t4g/thor1n5a08r0zvmqca39ka2tgwlkjy9ugalutk7fjpzptfppqcccnat2ska5t4g:0/1/1
26122200,2026-05-04,5DADA93EC18C1E4B2E764BB2ECA3B71D9480A36BFB8F3D44003664B154DA7C2D,ETH.USDC-0XA0B86991C6218B36C1D19D4A2E9EB0CE3606EB48,x/ruji,thor17cawwg2lsnvcne69fek6nsqkf8snma6gc5ccceshul86rl0u3q4s5l5d0a,1321332697 THOR.RUNE,1321334,0.01321334,0.55166679,0.00728936,=:ETH-USDC:thor1n5a08r0zvmqca39ka2tgwlkjy9ugalutk7fjpzptfppqcccnat2ska5t4g/thor1n5a08r0zvmqca39ka2tgwlkjy9ugalutk7fjpzptfppqcccnat2ska5t4g:0/1/1
26122200,2026-05-04,5DADA93EC18C1E4B2E764BB2ECA3B71D9480A36BFB8F3D44003664B154DA7C2D,THOR.RUJI,x/ruji,thor17cawwg2lsnvcne69fek6nsqkf8snma6gc5ccceshul86rl0u3q4s5l5d0a,2067029534 THOR.RUJI,1322655,0.01322655,0.55166679,0.00729665,=:ETH-USDC:thor1n5a08r0zvmqca39ka2tgwlkjy9ugalutk7fjpzptfppqcccnat2ska5t4g/thor1n5a08r0zvmqca39ka2tgwlkjy9ugalutk7fjpzptfppqcccnat2ska5t4g:0/1/1
26123614,2026-05-11,D77206B6DF1DC523CD28DC0D6D55D0396745DFAB0AF836B9ACC54DD3DC8196E9,ETH.ETH,eth-eth,thor1tnd06uswj8033d0kzd5d7zre73u3uc44r2vvez26z5m4kr68vtusf2snva,176297500 THOR.RUNE,175474,0.00175474,0.58556871,0.00102752,=:ETH-ETH:thor1n5a08r0zvmqca39ka2tgwlkjy9ugalutk7fjpzptfppqcccnat2ska5t4g/thor1n5a08r0zvmqca39ka2tgwlkjy9ugalutk7fjpzptfppqcccnat2ska5t4g:0/1/1
26123614,2026-05-11,B9840508F1902F995448C8F85BD15DB898486C87CA60379053AB67A89DE93A4A,ETH.ETH,eth-eth,thor1tnd06uswj8033d0kzd5d7zre73u3uc44r2vvez26z5m4kr68vtusf2snva,1 ETH-ETH,3,0.00000003,0.58556871,0.00000002,=:ETH-USDC:thor1n5a08r0zvmqca39ka2tgwlkjy9ugalutk7fjpzptfppqcccnat2ska5t4g/thor1n5a08r0zvmqca39ka2tgwlkjy9ugalutk7fjpzptfppqcccnat2ska5t4g:0/1/1
26123614,2026-05-11,D77206B6DF1DC523CD28DC0D6D55D0396745DFAB0AF836B9ACC54DD3DC8196E9,ETH.USDC-0XA0B86991C6218B36C1D19D4A2E9EB0CE3606EB48,eth-eth,thor1tnd06uswj8033d0kzd5d7zre73u3uc44r2vvez26z5m4kr68vtusf2snva,106707572 ETH-USDC-0XA0B86991C6218B36C1D19D4A2E9EB0CE3606EB48,176474,0.00176474,0.58556871,0.00103338,=:ETH-ETH:thor1n5a08r0zvmqca39ka2tgwlkjy9ugalutk7fjpzptfppqcccnat2ska5t4g/thor1n5a08r0zvmqca39ka2tgwlkjy9ugalutk7fjpzptfppqcccnat2ska5t4g:0/1/1
26123614,2026-05-11,B9840508F1902F995448C8F85BD15DB898486C87CA60379053AB67A89DE93A4A,ETH.USDC-0XA0B86991C6218B36C1D19D4A2E9EB0CE3606EB48,eth-eth,thor1tnd06uswj8033d0kzd5d7zre73u3uc44r2vvez26z5m4kr68vtusf2snva,3896 THOR.RUNE,3,0.00000003,0.58556871,0.00000002,=:ETH-USDC:thor1n5a08r0zvmqca39ka2tgwlkjy9ugalutk7fjpzptfppqcccnat2ska5t4g/thor1n5a08r0zvmqca39ka2tgwlkjy9ugalutk7fjpzptfppqcccnat2ska5t4g:0/1/1
26123816,2026-05-11,7B28AB30B22B6ECA5FBE3EB3D1B409DFC63E5B4606B4F8AB24C9A0BB413E34E3,ETH.USDC-0XA0B86991C6218B36C1D19D4A2E9EB0CE3606EB48,eth-usdc-0xa0b86991c6218b36c1d19d4a2e9eb0ce3606eb48,thor1y8g3yhzmnwyt6g7jque36eyregf85kgtzem6dgzqxuzrpmzpumvqts7ud7,25000000000 ETH-USDC-0XA0B86991C6218B36C1D19D4A2E9EB0CE3606EB48,41491114,0.41491114,0.58556871,0.24295898,=:r:thor1n5a08r0zvmqca39ka2tgwlkjy9ugalutk7fjpzptfppqcccnat2ska5t4g/thor1n5a08r0zvmqca39ka2tgwlkjy9ugalutk7fjpzptfppqcccnat2ska5t4g:0/1/1
26124422,2026-05-11,4E745783196D3913EFA48930791BA906CDCF65D9816E063ADA3C42D3366801DA,ETH.USDC-0XA0B86991C6218B36C1D19D4A2E9EB0CE3606EB48,tcy,thor1kyjky2yprmamj0gfkevyc6tunxev0054gpxjap8k9vkyutkkf5lqyr0xxv,200344277 ETH-USDC-0XA0B86991C6218B36C1D19D4A2E9EB0CE3606EB48,335223,0.00335223,0.58556871,0.00196296,=:THOR.TCY:thor1n5a08r0zvmqca39ka2tgwlkjy9ugalutk7fjpzptfppqcccnat2ska5t4g/thor1n5a08r0zvmqca39ka2tgwlkjy9ugalutk7fjpzptfppqcccnat2ska5t4g:0/1/1
26124422,2026-05-11,4E745783196D3913EFA48930791BA906CDCF65D9816E063ADA3C42D3366801DA,THOR.TCY,tcy,thor1kyjky2yprmamj0gfkevyc6tunxev0054gpxjap8k9vkyutkkf5lqyr0xxv,334888400 THOR.RUNE,334891,0.00334891,0.58556871,0.00196102,=:THOR.TCY:thor1n5a08r0zvmqca39ka2tgwlkjy9ugalutk7fjpzptfppqcccnat2ska5t4g/thor1n5a08r0zvmqca39ka2tgwlkjy9ugalutk7fjpzptfppqcccnat2ska5t4g:0/1/1
26127250,2026-05-11,7EA48E16EB68FB75E44533CA5F710C0468CADAF5A3ACDFD3D91CBA029D1E5FDF,ETH.USDC-0XA0B86991C6218B36C1D19D4A2E9EB0CE3606EB48,x/ruji,thor17cawwg2lsnvcne69fek6nsqkf8snma6gc5ccceshul86rl0u3q4s5l5d0a,18531954486 ETH-USDC-0XA0B86991C6218B36C1D19D4A2E9EB0CE3606EB48,31082911,0.31082911,0.58556871,0.1820118,=:THOR.RUJI:thor1n5a08r0zvmqca39ka2tgwlkjy9ugalutk7fjpzptfppqcccnat2ska5t4g/thor1n5a08r0zvmqca39ka2tgwlkjy9ugalutk7fjpzptfppqcccnat2ska5t4g:0/1/1
26127250,2026-05-11,7EA48E16EB68FB75E44533CA5F710C0468CADAF5A3ACDFD3D91CBA029D1E5FDF,THOR.RUJI,x/ruji,thor17cawwg2lsnvcne69fek6nsqkf8snma6gc5ccceshul86rl0u3q4s5l5d0a,31051828700 THOR.RUNE,31071066,0.31071066,0.58556871,0.18194244,=:THOR.RUJI:thor1n5a08r0zvmqca39ka2tgwlkjy9ugalutk7fjpzptfppqcccnat2ska5t4g/thor1n5a08r0zvmqca39ka2tgwlkjy9ugalutk7fjpzptfppqcccnat2ska5t4g:0/1/1
26128664,2026-05-11,79AEC98D81ED4161E2689D07011E11214124BC89AC568FB39C56FD6E60FB2402,ETH.ETH,eth-eth,thor1tnd06uswj8033d0kzd5d7zre73u3uc44r2vvez26z5m4kr68vtusf2snva,1 ETH-ETH,3,0.00000003,0.58556871,0.00000002,=:ETH-USDC:thor1n5a08r0zvmqca39ka2tgwlkjy9ugalutk7fjpzptfppqcccnat2ska5t4g/thor1n5a08r0zvmqca39ka2tgwlkjy9ugalutk7fjpzptfppqcccnat2ska5t4g:0/1/1
26128664,2026-05-11,79AEC98D81ED4161E2689D07011E11214124BC89AC568FB39C56FD6E60FB2402,ETH.USDC-0XA0B86991C6218B36C1D19D4A2E9EB0CE3606EB48,eth-eth,thor1tnd06uswj8033d0kzd5d7zre73u3uc44r2vvez26z5m4kr68vtusf2snva,3897 THOR.RUNE,3,0.00000003,0.58556871,0.00000002,=:ETH-USDC:thor1n5a08r0zvmqca39ka2tgwlkjy9ugalutk7fjpzptfppqcccnat2ska5t4g/thor1n5a08r0zvmqca39ka2tgwlkjy9ugalutk7fjpzptfppqcccnat2ska5t4g:0/1/1
26128866,2026-05-11,2A84F327024E81FE4C8284E1D44BC447EEF85A0424FA59A4C0709DF09E7F2DA5,ETH.USDC-0XA0B86991C6218B36C1D19D4A2E9EB0CE3606EB48,eth-usdc-0xa0b86991c6218b36c1d19d4a2e9eb0ce3606eb48,thor1y8g3yhzmnwyt6g7jque36eyregf85kgtzem6dgzqxuzrpmzpumvqts7ud7,22662857706 ETH-USDC-0XA0B86991C6218B36C1D19D4A2E9EB0CE3606EB48,37809732,0.37809732,0.58556871,0.22140196,=:r:thor1n5a08r0zvmqca39ka2tgwlkjy9ugalutk7fjpzptfppqcccnat2ska5t4g/thor1n5a08r0zvmqca39ka2tgwlkjy9ugalutk7fjpzptfppqcccnat2ska5t4g:0/1/1
26129472,2026-05-11,7CDF5CE73344B96B688C5FD8E1909CA3A16F5BB2514DB374077B5B8A411435C0,ETH.USDC-0XA0B86991C6218B36C1D19D4A2E9EB0CE3606EB48,tcy,thor1kyjky2yprmamj0gfkevyc6tunxev0054gpxjap8k9vkyutkkf5lqyr0xxv,867523297 THOR.RUNE,867524,0.00867524,0.58556871,0.00507995,=:ETH-USDC:thor1n5a08r0zvmqca39ka2tgwlkjy9ugalutk7fjpzptfppqcccnat2ska5t4g/thor1n5a08r0zvmqca39ka2tgwlkjy9ugalutk7fjpzptfppqcccnat2ska5t4g:0/1/1
26129472,2026-05-11,4B71D70B3BB62B4A1B518C8996656263A9CD7908B8C9C0F12EBED72165A8E24D,ETH.USDC-0XA0B86991C6218B36C1D19D4A2E9EB0CE3606EB48,tcy,thor1kyjky2yprmamj0gfkevyc6tunxev0054gpxjap8k9vkyutkkf5lqyr0xxv,16094898 THOR.RUNE,16094,0.00016094,0.58556871,0.00009424,=:ETH-USDC:thor1n5a08r0zvmqca39ka2tgwlkjy9ugalutk7fjpzptfppqcccnat2ska5t4g/thor1n5a08r0zvmqca39ka2tgwlkjy9ugalutk7fjpzptfppqcccnat2ska5t4g:0/1/1
26129472,2026-05-11,7CDF5CE73344B96B688C5FD8E1909CA3A16F5BB2514DB374077B5B8A411435C0,THOR.TCY,tcy,thor1kyjky2yprmamj0gfkevyc6tunxev0054gpxjap8k9vkyutkkf5lqyr0xxv,3889703954 THOR.TCY,868391,0.00868391,0.58556871,0.00508503,=:ETH-USDC:thor1n5a08r0zvmqca39ka2tgwlkjy9ugalutk7fjpzptfppqcccnat2ska5t4g/thor1n5a08r0zvmqca39ka2tgwlkjy9ugalutk7fjpzptfppqcccnat2ska5t4g:0/1/1
26129472,2026-05-11,4B71D70B3BB62B4A1B518C8996656263A9CD7908B8C9C0F12EBED72165A8E24D,THOR.TCY,tcy,thor1kyjky2yprmamj0gfkevyc6tunxev0054gpxjap8k9vkyutkkf5lqyr0xxv,72165884 THOR.TCY,16111,0.00016111,0.58556871,0.00009434,=:ETH-USDC:thor1n5a08r0zvmqca39ka2tgwlkjy9ugalutk7fjpzptfppqcccnat2ska5t4g/thor1n5a08r0zvmqca39ka2tgwlkjy9ugalutk7fjpzptfppqcccnat2ska5t4g:0/1/1
26133916,2026-05-11,F5C2407A7B634AA8ADC039235E608BD9814B8DBE171DC800BDCBFE57EF305C93,ETH.USDC-0XA0B86991C6218B36C1D19D4A2E9EB0CE3606EB48,eth-usdc-0xa0b86991c6218b36c1d19d4a2e9eb0ce3606eb48,thor1y8g3yhzmnwyt6g7jque36eyregf85kgtzem6dgzqxuzrpmzpumvqts7ud7,25000000000 ETH-USDC-0XA0B86991C6218B36C1D19D4A2E9EB0CE3606EB48,40791739,0.40791739,0.58556871,0.23886366,=:r:thor1n5a08r0zvmqca39ka2tgwlkjy9ugalutk7fjpzptfppqcccnat2ska5t4g/thor1n5a08r0zvmqca39ka2tgwlkjy9ugalutk7fjpzptfppqcccnat2ska5t4g:0/1/1
26133916,2026-05-11,DF553FD487A3D54C508F2127FD6F7A431751A39C7CC28BC7E44F039739591D36,ETH.USDC-0XA0B86991C6218B36C1D19D4A2E9EB0CE3606EB48,eth-usdc-0xa0b86991c6218b36c1d19d4a2e9eb0ce3606eb48,thor1y8g3yhzmnwyt6g7jque36eyregf85kgtzem6dgzqxuzrpmzpumvqts7ud7,10286073536 ETH-USDC-0XA0B86991C6218B36C1D19D4A2E9EB0CE3606EB48,16781774,0.16781774,0.58556871,0.09826882,=:r:thor1n5a08r0zvmqca39ka2tgwlkjy9ugalutk7fjpzptfppqcccnat2ska5t4g/thor1n5a08r0zvmqca39ka2tgwlkjy9ugalutk7fjpzptfppqcccnat2ska5t4g:0/1/1
26134522,2026-05-11,D206813A1F0B095C0054956F06E8AF71C143D641B4E5E84EEB3D2188A79AFA11,ETH.USDC-0XA0B86991C6218B36C1D19D4A2E9EB0CE3606EB48,tcy,thor1kyjky2yprmamj0gfkevyc6tunxev0054gpxjap8k9vkyutkkf5lqyr0xxv,3206276201 THOR.RUNE,3206293,0.03206293,0.58556871,0.01877505,=:ETH-USDC:thor1n5a08r0zvmqca39ka2tgwlkjy9ugalutk7fjpzptfppqcccnat2ska5t4g/thor1n5a08r0zvmqca39ka2tgwlkjy9ugalutk7fjpzptfppqcccnat2ska5t4g:0/1/1
26134522,2026-05-11,471CB9CAE9A5D4A26FC84001F125EBD3D12777254353DA845FE166DA99DB5B4C,ETH.USDC-0XA0B86991C6218B36C1D19D4A2E9EB0CE3606EB48,tcy,thor1kyjky2yprmamj0gfkevyc6tunxev0054gpxjap8k9vkyutkkf5lqyr0xxv,337455960 THOR.RUNE,337455,0.00337455,0.58556871,0.00197603,=:ETH-USDC:thor1n5a08r0zvmqca39ka2tgwlkjy9ugalutk7fjpzptfppqcccnat2ska5t4g/thor1n5a08r0zvmqca39ka2tgwlkjy9ugalutk7fjpzptfppqcccnat2ska5t4g:0/1/1
26134522,2026-05-11,D206813A1F0B095C0054956F06E8AF71C143D641B4E5E84EEB3D2188A79AFA11,THOR.TCY,tcy,thor1kyjky2yprmamj0gfkevyc6tunxev0054gpxjap8k9vkyutkkf5lqyr0xxv,14849139931 THOR.TCY,3209485,0.03209485,0.58556871,0.01879374,=:ETH-USDC:thor1n5a08r0zvmqca39ka2tgwlkjy9ugalutk7fjpzptfppqcccnat2ska5t4g/thor1n5a08r0zvmqca39ka2tgwlkjy9ugalutk7fjpzptfppqcccnat2ska5t4g:0/1/1
26134522,2026-05-11,471CB9CAE9A5D4A26FC84001F125EBD3D12777254353DA845FE166DA99DB5B4C,THOR.TCY,tcy,thor1kyjky2yprmamj0gfkevyc6tunxev0054gpxjap8k9vkyutkkf5lqyr0xxv,1562972223 THOR.TCY,337793,0.00337793,0.58556871,0.00197801,=:ETH-USDC:thor1n5a08r0zvmqca39ka2tgwlkjy9ugalutk7fjpzptfppqcccnat2ska5t4g/thor1n5a08r0zvmqca39ka2tgwlkjy9ugalutk7fjpzptfppqcccnat2ska5t4g:0/1/1
26137350,2026-05-11,0B4FC39B15DA9DCA059286DC1CEE42DB176D8455AC81D11E5D4757E77A3553A3,ETH.USDC-0XA0B86991C6218B36C1D19D4A2E9EB0CE3606EB48,x/ruji,thor17cawwg2lsnvcne69fek6nsqkf8snma6gc5ccceshul86rl0u3q4s5l5d0a,30962233182 ETH-USDC-0XA0B86991C6218B36C1D19D4A2E9EB0CE3606EB48,50137183,0.50137183,0.58556871,0.29358765,=:THOR.RUJI:thor1n5a08r0zvmqca39ka2tgwlkjy9ugalutk7fjpzptfppqcccnat2ska5t4g/thor1n5a08r0zvmqca39ka2tgwlkjy9ugalutk7fjpzptfppqcccnat2ska5t4g:0/1/1
26137350,2026-05-11,0B4FC39B15DA9DCA059286DC1CEE42DB176D8455AC81D11E5D4757E77A3553A3,THOR.RUJI,x/ruji,thor17cawwg2lsnvcne69fek6nsqkf8snma6gc5ccceshul86rl0u3q4s5l5d0a,50087046600 THOR.RUNE,50032481,0.50032481,0.58556871,0.29297455,=:THOR.RUJI:thor1n5a08r0zvmqca39ka2tgwlkjy9ugalutk7fjpzptfppqcccnat2ska5t4g/thor1n5a08r0zvmqca39ka2tgwlkjy9ugalutk7fjpzptfppqcccnat2ska5t4g:0/1/1
26138966,2026-05-11,CE269C0F5E8DF52D795A758D26D1293DF8E854D55377A2C28E11B129851A24D6,ETH.USDC-0XA0B86991C6218B36C1D19D4A2E9EB0CE3606EB48,eth-usdc-0xa0b86991c6218b36c1d19d4a2e9eb0ce3606eb48,thor1y8g3yhzmnwyt6g7jque36eyregf85kgtzem6dgzqxuzrpmzpumvqts7ud7,25000000000 ETH-USDC-0XA0B86991C6218B36C1D19D4A2E9EB0CE3606EB48,40245989,0.40245989,0.58556871,0.23566792,=:r:thor1n5a08r0zvmqca39ka2tgwlkjy9ugalutk7fjpzptfppqcccnat2ska5t4g/thor1n5a08r0zvmqca39ka2tgwlkjy9ugalutk7fjpzptfppqcccnat2ska5t4g:0/1/1
26138966,2026-05-11,2A7C760E15963B2759B67A16100B1652131ADB6846872C1AF8ECF676EF21E210,ETH.USDC-0XA0B86991C6218B36C1D19D4A2E9EB0CE3606EB48,eth-usdc-0xa0b86991c6218b36c1d19d4a2e9eb0ce3606eb48,thor1y8g3yhzmnwyt6g7jque36eyregf85kgtzem6dgzqxuzrpmzpumvqts7ud7,2748684871 ETH-USDC-0XA0B86991C6218B36C1D19D4A2E9EB0CE3606EB48,4424591,0.04424591,0.58556871,0.02590902,=:r:thor1n5a08r0zvmqca39ka2tgwlkjy9ugalutk7fjpzptfppqcccnat2ska5t4g/thor1n5a08r0zvmqca39ka2tgwlkjy9ugalutk7fjpzptfppqcccnat2ska5t4g:0/1/1
26139572,2026-05-11,6DE7C9770F0A05C8C5ACA90EBC7DBE40ED8E3C3FF20E44AA096A903975F47285,ETH.USDC-0XA0B86991C6218B36C1D19D4A2E9EB0CE3606EB48,tcy,thor1kyjky2yprmamj0gfkevyc6tunxev0054gpxjap8k9vkyutkkf5lqyr0xxv,492122534 THOR.RUNE,492122,0.00492122,0.58556871,0.00288171,=:ETH-USDC:thor1n5a08r0zvmqca39ka2tgwlkjy9ugalutk7fjpzptfppqcccnat2ska5t4g/thor1n5a08r0zvmqca39ka2tgwlkjy9ugalutk7fjpzptfppqcccnat2ska5t4g:0/1/1
26139572,2026-05-11,841AF78EEFC622156C07645609F5EC4122979C1802B5FEC299213B484AAD0F51,ETH.USDC-0XA0B86991C6218B36C1D19D4A2E9EB0CE3606EB48,tcy,thor1kyjky2yprmamj0gfkevyc6tunxev0054gpxjap8k9vkyutkkf5lqyr0xxv,93314991 THOR.RUNE,93315,0.00093315,0.58556871,0.00054642,=:ETH-USDC:thor1n5a08r0zvmqca39ka2tgwlkjy9ugalutk7fjpzptfppqcccnat2ska5t4g/thor1n5a08r0zvmqca39ka2tgwlkjy9ugalutk7fjpzptfppqcccnat2ska5t4g:0/1/1
26139572,2026-05-11,6DE7C9770F0A05C8C5ACA90EBC7DBE40ED8E3C3FF20E44AA096A903975F47285,THOR.TCY,tcy,thor1kyjky2yprmamj0gfkevyc6tunxev0054gpxjap8k9vkyutkkf5lqyr0xxv,2257228140 THOR.TCY,492615,0.00492615,0.58556871,0.0028846,=:ETH-USDC:thor1n5a08r0zvmqca39ka2tgwlkjy9ugalutk7fjpzptfppqcccnat2ska5t4g/thor1n5a08r0zvmqca39ka2tgwlkjy9ugalutk7fjpzptfppqcccnat2ska5t4g:0/1/1
26139572,2026-05-11,841AF78EEFC622156C07645609F5EC4122979C1802B5FEC299213B484AAD0F51,THOR.TCY,tcy,thor1kyjky2yprmamj0gfkevyc6tunxev0054gpxjap8k9vkyutkkf5lqyr0xxv,428015187 THOR.TCY,93408,0.00093408,0.58556871,0.00054697,=:ETH-USDC:thor1n5a08r0zvmqca39ka2tgwlkjy9ugalutk7fjpzptfppqcccnat2ska5t4g/thor1n5a08r0zvmqca39ka2tgwlkjy9ugalutk7fjpzptfppqcccnat2ska5t4g:0/1/1
26142400,2026-05-11,28D4C528FEB9241F7D27BCCF8F7F4093D019EC664E713362A5A3D8019AC64867,ETH.USDC-0XA0B86991C6218B36C1D19D4A2E9EB0CE3606EB48,x/ruji,thor17cawwg2lsnvcne69fek6nsqkf8snma6gc5ccceshul86rl0u3q4s5l5d0a,1317747353 THOR.RUNE,1317749,0.01317749,0.58556871,0.00771633,=:ETH-USDC:thor1n5a08r0zvmqca39ka2tgwlkjy9ugalutk7fjpzptfppqcccnat2ska5t4g/thor1n5a08r0zvmqca39ka2tgwlkjy9ugalutk7fjpzptfppqcccnat2ska5t4g:0/1/1
26142400,2026-05-11,28D4C528FEB9241F7D27BCCF8F7F4093D019EC664E713362A5A3D8019AC64867,THOR.RUJI,x/ruji,thor17cawwg2lsnvcne69fek6nsqkf8snma6gc5ccceshul86rl0u3q4s5l5d0a,2081320314 THOR.RUJI,1319066,0.01319066,0.58556871,0.00772404,=:ETH-USDC:thor1n5a08r0zvmqca39ka2tgwlkjy9ugalutk7fjpzptfppqcccnat2ska5t4g/thor1n5a08r0zvmqca39ka2tgwlkjy9ugalutk7fjpzptfppqcccnat2ska5t4g:0/1/1
26144016,2026-05-11,5D1E0A32A4B8180EC68C31FDC88B8546007A045969B0DF9F0A4B7AA82ABE7906,ETH.USDC-0XA0B86991C6218B36C1D19D4A2E9EB0CE3606EB48,eth-usdc-0xa0b86991c6218b36c1d19d4a2e9eb0ce3606eb48,thor1y8g3yhzmnwyt6g7jque36eyregf85kgtzem6dgzqxuzrpmzpumvqts7ud7,24922163450 ETH-USDC-0XA0B86991C6218B36C1D19D4A2E9EB0CE3606EB48,41134498,0.41134498,0.58556871,0.24087075,=:r:thor1n5a08r0zvmqca39ka2tgwlkjy9ugalutk7fjpzptfppqcccnat2ska5t4g/thor1n5a08r0zvmqca39ka2tgwlkjy9ugalutk7fjpzptfppqcccnat2ska5t4g:0/1/1
26144622,2026-05-11,F806A92F96940DC69446AFCC1667ADDB2200E56AF9B61ABB84ADBA473F35FAA5,ETH.USDC-0XA0B86991C6218B36C1D19D4A2E9EB0CE3606EB48,tcy,thor1kyjky2yprmamj0gfkevyc6tunxev0054gpxjap8k9vkyutkkf5lqyr0xxv,11101479744 THOR.RUNE,11101694,0.11101694,0.58556871,0.06500805,=:ETH-USDC:thor1n5a08r0zvmqca39ka2tgwlkjy9ugalutk7fjpzptfppqcccnat2ska5t4g/thor1n5a08r0zvmqca39ka2tgwlkjy9ugalutk7fjpzptfppqcccnat2ska5t4g:0/1/1
26144622,2026-05-11,976BDF32E53A6FA629C263C6310CE976DA9078492E61B63A031D60262C78E474,ETH.USDC-0XA0B86991C6218B36C1D19D4A2E9EB0CE3606EB48,tcy,thor1kyjky2yprmamj0gfkevyc6tunxev0054gpxjap8k9vkyutkkf5lqyr0xxv,4009980815 THOR.RUNE,4010009,0.04010009,0.58556871,0.02348136,=:ETH-USDC:thor1n5a08r0zvmqca39ka2tgwlkjy9ugalutk7fjpzptfppqcccnat2ska5t4g/thor1n5a08r0zvmqca39ka2tgwlkjy9ugalutk7fjpzptfppqcccnat2ska5t4g:0/1/1
26144622,2026-05-11,F806A92F96940DC69446AFCC1667ADDB2200E56AF9B61ABB84ADBA473F35FAA5,THOR.TCY,tcy,thor1kyjky2yprmamj0gfkevyc6tunxev0054gpxjap8k9vkyutkkf5lqyr0xxv,54852154270 THOR.TCY,11112592,0.11112592,0.58556871,0.06507186,=:ETH-USDC:thor1n5a08r0zvmqca39ka2tgwlkjy9ugalutk7fjpzptfppqcccnat2ska5t4g/thor1n5a08r0zvmqca39ka2tgwlkjy9ugalutk7fjpzptfppqcccnat2ska5t4g:0/1/1
26144622,2026-05-11,976BDF32E53A6FA629C263C6310CE976DA9078492E61B63A031D60262C78E474,THOR.TCY,tcy,thor1kyjky2yprmamj0gfkevyc6tunxev0054gpxjap8k9vkyutkkf5lqyr0xxv,19820013361 THOR.TCY,4013994,0.04013994,0.58556871,0.02350469,=:ETH-USDC:thor1n5a08r0zvmqca39ka2tgwlkjy9ugalutk7fjpzptfppqcccnat2ska5t4g/thor1n5a08r0zvmqca39ka2tgwlkjy9ugalutk7fjpzptfppqcccnat2ska5t4g:0/1/1
26147450,2026-05-11,1B2CCCF430501DB51EF54A995049B558AA9674031DDCECD49062742450025A38,ETH.USDC-0XA0B86991C6218B36C1D19D4A2E9EB0CE3606EB48,x/ruji,thor17cawwg2lsnvcne69fek6nsqkf8snma6gc5ccceshul86rl0u3q4s5l5d0a,1468103843 THOR.RUNE,1468107,0.01468107,0.58556871,0.00859678,=:ETH-USDC:thor1n5a08r0zvmqca39ka2tgwlkjy9ugalutk7fjpzptfppqcccnat2ska5t4g/thor1n5a08r0zvmqca39ka2tgwlkjy9ugalutk7fjpzptfppqcccnat2ska5t4g:0/1/1
26147450,2026-05-11,1B2CCCF430501DB51EF54A995049B558AA9674031DDCECD49062742450025A38,THOR.RUJI,x/ruji,thor17cawwg2lsnvcne69fek6nsqkf8snma6gc5ccceshul86rl0u3q4s5l5d0a,2337695108 THOR.RUJI,1469573,0.01469573,0.58556871,0.00860536,=:ETH-USDC:thor1n5a08r0zvmqca39ka2tgwlkjy9ugalutk7fjpzptfppqcccnat2ska5t4g/thor1n5a08r0zvmqca39ka2tgwlkjy9ugalutk7fjpzptfppqcccnat2ska5t4g:0/1/1
26148056,2026-05-11,6384EAA3293279A6244F71E296E5AEAE4C645257C1F3C63796AA86301E18FA21,BASE.USDC-0X833589FCD6EDB6E08F4C7C32D4F71B54BDA02913,base-usdc-0x833589fcd6edb6e08f4c7c32d4f71b54bda02913,thor1kkuhwaqnlnvchx6fzttp7l9vhman9ll9u6dyhx65v4c7gcpflvcqkdv7z9,9387340787 BASE-USDC-0X833589FCD6EDB6E08F4C7C32D4F71B54BDA02913,15418003,0.15418003,0.58556871,0.090283,=:ETH-USDC:thor1n5a08r0zvmqca39ka2tgwlkjy9ugalutk7fjpzptfppqcccnat2ska5t4g/thor1n5a08r0zvmqca39ka2tgwlkjy9ugalutk7fjpzptfppqcccnat2ska5t4g:0/1/1
26148056,2026-05-11,C4D4D43ED0D1F372D94E79E1AB2C25640F3DC89ED150CB082F17E5C6A96B8569,BASE.USDC-0X833589FCD6EDB6E08F4C7C32D4F71B54BDA02913,base-usdc-0x833589fcd6edb6e08f4c7c32d4f71b54bda02913,thor1kkuhwaqnlnvchx6fzttp7l9vhman9ll9u6dyhx65v4c7gcpflvcqkdv7z9,2128138 BASE-USDC-0X833589FCD6EDB6E08F4C7C32D4F71B54BDA02913,3495,0.00003495,0.58556871,0.00002047,=:ETH-USDC:thor1n5a08r0zvmqca39ka2tgwlkjy9ugalutk7fjpzptfppqcccnat2ska5t4g/thor1n5a08r0zvmqca39ka2tgwlkjy9ugalutk7fjpzptfppqcccnat2ska5t4g:0/1/1
26148056,2026-05-11,6384EAA3293279A6244F71E296E5AEAE4C645257C1F3C63796AA86301E18FA21,ETH.USDC-0XA0B86991C6218B36C1D19D4A2E9EB0CE3606EB48,base-usdc-0x833589fcd6edb6e08f4c7c32d4f71b54bda02913,thor1kkuhwaqnlnvchx6fzttp7l9vhman9ll9u6dyhx65v4c7gcpflvcqkdv7z9,15418003200 THOR.RUNE,15418418,0.15418418,0.58556871,0.09028543,=:ETH-USDC:thor1n5a08r0zvmqca39ka2tgwlkjy9ugalutk7fjpzptfppqcccnat2ska5t4g/thor1n5a08r0zvmqca39ka2tgwlkjy9ugalutk7fjpzptfppqcccnat2ska5t4g:0/1/1
26148056,2026-05-11,C4D4D43ED0D1F372D94E79E1AB2C25640F3DC89ED150CB082F17E5C6A96B8569,ETH.USDC-0XA0B86991C6218B36C1D19D4A2E9EB0CE3606EB48,base-usdc-0x833589fcd6edb6e08f4c7c32d4f71b54bda02913,thor1kkuhwaqnlnvchx6fzttp7l9vhman9ll9u6dyhx65v4c7gcpflvcqkdv7z9,3491800 THOR.RUNE,3492,0.00003492,0.58556871,0.00002045,=:ETH-USDC:thor1n5a08r0zvmqca39ka2tgwlkjy9ugalutk7fjpzptfppqcccnat2ska5t4g/thor1n5a08r0zvmqca39ka2tgwlkjy9ugalutk7fjpzptfppqcccnat2ska5t4g:0/1/1
26148561,2026-05-11,C21AE31439AFFFDCABA85B7EF3F391AB360777CC6E8CC5BFFFF63F264ABC7AD2,BTC.BTC,btc-btc,thor1dwsnlqw3lfhamc5dz3r57hlsppx3a2n2d7kppccxfdhfazjh06rs5077sz,295277 BTC-BTC,39283041,0.39283041,0.58556871,0.2300292,=:ETH-USDC:thor1n5a08r0zvmqca39ka2tgwlkjy9ugalutk7fjpzptfppqcccnat2ska5t4g/thor1n5a08r0zvmqca39ka2tgwlkjy9ugalutk7fjpzptfppqcccnat2ska5t4g:0/1/1
26148561,2026-05-11,C21AE31439AFFFDCABA85B7EF3F391AB360777CC6E8CC5BFFFF63F264ABC7AD2,ETH.USDC-0XA0B86991C6218B36C1D19D4A2E9EB0CE3606EB48,btc-btc,thor1dwsnlqw3lfhamc5dz3r57hlsppx3a2n2d7kppccxfdhfazjh06rs5077sz,39243758209 THOR.RUNE,39246450,0.3924645,0.58556871,0.22981493,=:ETH-USDC:thor1n5a08r0zvmqca39ka2tgwlkjy9ugalutk7fjpzptfppqcccnat2ska5t4g/thor1n5a08r0zvmqca39ka2tgwlkjy9ugalutk7fjpzptfppqcccnat2ska5t4g:0/1/1
26149066,2026-05-11,602D6C7F37E967D183299D0D24EE9C9B03774902B039D2B6732E3351EA0F57E9,ETH.USDC-0XA0B86991C6218B36C1D19D4A2E9EB0CE3606EB48,eth-usdc-0xa0b86991c6218b36c1d19d4a2e9eb0ce3606eb48,thor1y8g3yhzmnwyt6g7jque36eyregf85kgtzem6dgzqxuzrpmzpumvqts7ud7,20636626410 ETH-USDC-0XA0B86991C6218B36C1D19D4A2E9EB0CE3606EB48,34019318,0.34019318,0.58556871,0.19920648,=:r:thor1n5a08r0zvmqca39ka2tgwlkjy9ugalutk7fjpzptfppqcccnat2ska5t4g/thor1n5a08r0zvmqca39ka2tgwlkjy9ugalutk7fjpzptfppqcccnat2ska5t4g:0/1/1
26149571,2026-05-11,221F1F85FCBB18D3DB544C462EB8F5AE2EBAC72CF0647143049BF38CE93C745A,ETH.USDC-0XA0B86991C6218B36C1D19D4A2E9EB0CE3606EB48,ltc-ltc,thor1ks9qq0nwv7qxtnznesys6ylflwruqlf85er6zls4erwgzkvw0m0qs3rghz,831963612 THOR.RUNE,831964,0.00831964,0.58556871,0.00487172,=:ETH-USDC:thor1n5a08r0zvmqca39ka2tgwlkjy9ugalutk7fjpzptfppqcccnat2ska5t4g/thor1n5a08r0zvmqca39ka2tgwlkjy9ugalutk7fjpzptfppqcccnat2ska5t4g:0/1/1
26149571,2026-05-11,F27779005B99226050BDF9EB10ED60BE045B8F7047D7E7F8D8B55095AEF3BF07,ETH.USDC-0XA0B86991C6218B36C1D19D4A2E9EB0CE3606EB48,ltc-ltc,thor1ks9qq0nwv7qxtnznesys6ylflwruqlf85er6zls4erwgzkvw0m0qs3rghz,19021637 THOR.RUNE,19020,0.0001902,0.58556871,0.00011138,=:ETH-USDC:thor1n5a08r0zvmqca39ka2tgwlkjy9ugalutk7fjpzptfppqcccnat2ska5t4g/thor1n5a08r0zvmqca39ka2tgwlkjy9ugalutk7fjpzptfppqcccnat2ska5t4g:0/1/1
26149571,2026-05-11,221F1F85FCBB18D3DB544C462EB8F5AE2EBAC72CF0647143049BF38CE93C745A,LTC.LTC,ltc-ltc,thor1ks9qq0nwv7qxtnznesys6ylflwruqlf85er6zls4erwgzkvw0m0qs3rghz,8733246 LTC-LTC,832796,0.00832796,0.58556871,0.00487659,=:ETH-USDC:thor1n5a08r0zvmqca39ka2tgwlkjy9ugalutk7fjpzptfppqcccnat2ska5t4g/thor1n5a08r0zvmqca39ka2tgwlkjy9ugalutk7fjpzptfppqcccnat2ska5t4g:0/1/1
26149571,2026-05-11,F27779005B99226050BDF9EB10ED60BE045B8F7047D7E7F8D8B55095AEF3BF07,LTC.LTC,ltc-ltc,thor1ks9qq0nwv7qxtnznesys6ylflwruqlf85er6zls4erwgzkvw0m0qs3rghz,199674 LTC-LTC,19040,0.0001904,0.58556871,0.00011149,=:ETH-USDC:thor1n5a08r0zvmqca39ka2tgwlkjy9ugalutk7fjpzptfppqcccnat2ska5t4g/thor1n5a08r0zvmqca39ka2tgwlkjy9ugalutk7fjpzptfppqcccnat2ska5t4g:0/1/1
26151490,2026-05-11,BFF2696E703699D23E3422F3CB047F7E9363EC041088D13529CFAA224443F6F0,ETH.USDC-0XA0B86991C6218B36C1D19D4A2E9EB0CE3606EB48,x/ghost-vault/eth-usdc-0xa0b86991c6218b36c1d19d4a2e9eb0ce3606eb48,thor1hs6wzyk4tf25ujd7lu07hhnkj4tl38m3wpp6qqw50y5r3e3x7zksnvj3qr,547877246 ETH-USDC-0XA0B86991C6218B36C1D19D4A2E9EB0CE3606EB48,899318,0.00899318,0.58556871,0.00526612,=:THOR.RUJI:thor1n5a08r0zvmqca39ka2tgwlkjy9ugalutk7fjpzptfppqcccnat2ska5t4g/thor1n5a08r0zvmqca39ka2tgwlkjy9ugalutk7fjpzptfppqcccnat2ska5t4g:0/1/1
26151490,2026-05-11,24B5247112615BD15E3DA03BB97F28FACBA0E6B35A6E8BF853CAD662F7AF348D,THOR.RUJI,x/ghost-vault/eth-usdc-0xa0b86991c6218b36c1d19d4a2e9eb0ce3606eb48,thor1hs6wzyk4tf25ujd7lu07hhnkj4tl38m3wpp6qqw50y5r3e3x7zksnvj3qr,25155498129 THOR.RUNE,25168141,0.25168141,0.58556871,0.14737676,=:THOR.RUJI:thor1n5a08r0zvmqca39ka2tgwlkjy9ugalutk7fjpzptfppqcccnat2ska5t4g/thor1n5a08r0zvmqca39ka2tgwlkjy9ugalutk7fjpzptfppqcccnat2ska5t4g:0/1/1
26151490,2026-05-11,BFF2696E703699D23E3422F3CB047F7E9363EC041088D13529CFAA224443F6F0,THOR.RUJI,x/ghost-vault/eth-usdc-0xa0b86991c6218b36c1d19d4a2e9eb0ce3606eb48,thor1hs6wzyk4tf25ujd7lu07hhnkj4tl38m3wpp6qqw50y5r3e3x7zksnvj3qr,898419500 THOR.RUNE,898435,0.00898435,0.58556871,0.00526095,=:THOR.RUJI:thor1n5a08r0zvmqca39ka2tgwlkjy9ugalutk7fjpzptfppqcccnat2ska5t4g/thor1n5a08r0zvmqca39ka2tgwlkjy9ugalutk7fjpzptfppqcccnat2ska5t4g:0/1/1
26152500,2026-05-11,63E8F4C029B1DBAF6A53FF5F7D4F65318DEED3B830320F7B607943CBAD9DDB9B,ETH.USDC-0XA0B86991C6218B36C1D19D4A2E9EB0CE3606EB48,x/ruji,thor17cawwg2lsnvcne69fek6nsqkf8snma6gc5ccceshul86rl0u3q4s5l5d0a,1038535220 THOR.RUNE,1038536,0.01038536,0.58556871,0.00608134,=:ETH-USDC:thor1n5a08r0zvmqca39ka2tgwlkjy9ugalutk7fjpzptfppqcccnat2ska5t4g/thor1n5a08r0zvmqca39ka2tgwlkjy9ugalutk7fjpzptfppqcccnat2ska5t4g:0/1/1
26152500,2026-05-11,63E8F4C029B1DBAF6A53FF5F7D4F65318DEED3B830320F7B607943CBAD9DDB9B,THOR.RUJI,x/ruji,thor17cawwg2lsnvcne69fek6nsqkf8snma6gc5ccceshul86rl0u3q4s5l5d0a,1619869883 THOR.RUJI,1039574,0.01039574,0.58556871,0.00608742,=:ETH-USDC:thor1n5a08r0zvmqca39ka2tgwlkjy9ugalutk7fjpzptfppqcccnat2ska5t4g/thor1n5a08r0zvmqca39ka2tgwlkjy9ugalutk7fjpzptfppqcccnat2ska5t4g:0/1/1
26153106,2026-05-11,3BB90BACCB844E827FE47AD6A3BDBD3FA5EE5FFB7CC5CD153A0D7785946C6002,BASE.USDC-0X833589FCD6EDB6E08F4C7C32D4F71B54BDA02913,base-usdc-0x833589fcd6edb6e08f4c7c32d4f71b54bda02913,thor1kkuhwaqnlnvchx6fzttp7l9vhman9ll9u6dyhx65v4c7gcpflvcqkdv7z9,1120346710 BASE-USDC-0X833589FCD6EDB6E08F4C7C32D4F71B54BDA02913,1811461,0.01811461,0.58556871,0.01060735,=:ETH-USDC:thor1n5a08r0zvmqca39ka2tgwlkjy9ugalutk7fjpzptfppqcccnat2ska5t4g/thor1n5a08r0zvmqca39ka2tgwlkjy9ugalutk7fjpzptfppqcccnat2ska5t4g:0/1/1
26153106,2026-05-11,790AA02D757DACB6AF381C6164F5298F066189E922F21E62EE8ABDBC7CF3FDE2,BASE.USDC-0X833589FCD6EDB6E08F4C7C32D4F71B54BDA02913,base-usdc-0x833589fcd6edb6e08f4c7c32d4f71b54bda02913,thor1kkuhwaqnlnvchx6fzttp7l9vhman9ll9u6dyhx65v4c7gcpflvcqkdv7z9,47423 BASE-USDC-0X833589FCD6EDB6E08F4C7C32D4F71B54BDA02913,76,0.00000076,0.58556871,0.00000045,=:ETH-USDC:thor1n5a08r0zvmqca39ka2tgwlkjy9ugalutk7fjpzptfppqcccnat2ska5t4g/thor1n5a08r0zvmqca39ka2tgwlkjy9ugalutk7fjpzptfppqcccnat2ska5t4g:0/1/1
26153106,2026-05-11,3BB90BACCB844E827FE47AD6A3BDBD3FA5EE5FFB7CC5CD153A0D7785946C6002,ETH.USDC-0XA0B86991C6218B36C1D19D4A2E9EB0CE3606EB48,base-usdc-0x833589fcd6edb6e08f4c7c32d4f71b54bda02913,thor1kkuhwaqnlnvchx6fzttp7l9vhman9ll9u6dyhx65v4c7gcpflvcqkdv7z9,1809649700 THOR.RUNE,1809655,0.01809655,0.58556871,0.01059677,=:ETH-USDC:thor1n5a08r0zvmqca39ka2tgwlkjy9ugalutk7fjpzptfppqcccnat2ska5t4g/thor1n5a08r0zvmqca39ka2tgwlkjy9ugalutk7fjpzptfppqcccnat2ska5t4g:0/1/1
26153106,2026-05-11,790AA02D757DACB6AF381C6164F5298F066189E922F21E62EE8ABDBC7CF3FDE2,ETH.USDC-0XA0B86991C6218B36C1D19D4A2E9EB0CE3606EB48,base-usdc-0x833589fcd6edb6e08f4c7c32d4f71b54bda02913,thor1kkuhwaqnlnvchx6fzttp7l9vhman9ll9u6dyhx65v4c7gcpflvcqkdv7z9,76500 THOR.RUNE,76,0.00000076,0.58556871,0.00000045,=:ETH-USDC:thor1n5a08r0zvmqca39ka2tgwlkjy9ugalutk7fjpzptfppqcccnat2ska5t4g/thor1n5a08r0zvmqca39ka2tgwlkjy9ugalutk7fjpzptfppqcccnat2ska5t4g:0/1/1
26154116,2026-05-11,52C3E759E3912525345C4ACEC2A40F6C30935FEDD8A438D7102DC5DD3B2C8035,ETH.USDC-0XA0B86991C6218B36C1D19D4A2E9EB0CE3606EB48,eth-usdc-0xa0b86991c6218b36c1d19d4a2e9eb0ce3606eb48,thor1y8g3yhzmnwyt6g7jque36eyregf85kgtzem6dgzqxuzrpmzpumvqts7ud7,21084401664 ETH-USDC-0XA0B86991C6218B36C1D19D4A2E9EB0CE3606EB48,34228249,0.34228249,0.58556871,0.20042992,=:r:thor1n5a08r0zvmqca39ka2tgwlkjy9ugalutk7fjpzptfppqcccnat2ska5t4g/thor1n5a08r0zvmqca39ka2tgwlkjy9ugalutk7fjpzptfppqcccnat2ska5t4g:0/1/1
26157550,2026-05-11,98ABF3DC904DD5331AF9739BAA50AE5E4D0B2C78FC2776B7D6F304D4BFCABCD3,ETH.USDC-0XA0B86991C6218B36C1D19D4A2E9EB0CE3606EB48,x/ruji,thor17cawwg2lsnvcne69fek6nsqkf8snma6gc5ccceshul86rl0u3q4s5l5d0a,30111318144 ETH-USDC-0XA0B86991C6218B36C1D19D4A2E9EB0CE3606EB48,4390911,0.04390911,0.58556871,0.0257118,=:THOR.RUJI:thor1n5a08r0zvmqca39ka2tgwlkjy9ugalutk7fjpzptfppqcccnat2ska5t4g/thor1n5a08r0zvmqca39ka2tgwlkjy9ugalutk7fjpzptfppqcccnat2ska5t4g:0/1/1
26157550,2026-05-11,98ABF3DC904DD5331AF9739BAA50AE5E4D0B2C78FC2776B7D6F304D4BFCABCD3,THOR.RUJI,x/ruji,thor17cawwg2lsnvcne69fek6nsqkf8snma6gc5ccceshul86rl0u3q4s5l5d0a,50253032800 THOR.RUNE,50244202,0.50244202,0.58556871,0.29421432,=:THOR.RUJI:thor1n5a08r0zvmqca39ka2tgwlkjy9ugalutk7fjpzptfppqcccnat2ska5t4g/thor1n5a08r0zvmqca39ka2tgwlkjy9ugalutk7fjpzptfppqcccnat2ska5t4g:0/1/1
26157651,2026-05-11,2C363E6839EDD0B0CB1E90181075622F0EFD83C3C4BEADDA35DCE588662B3041,ETH.USDC-0XA0B86991C6218B36C1D19D4A2E9EB0CE3606EB48,xrp-xrp,thor14v89h32ztmfg9d230cjly7ac26fvdkhgq7nkntsw4uy2f3yh2v7qrz6hsw,3388067896 ETH-USDC-0XA0B86991C6218B36C1D19D4A2E9EB0CE3606EB48,55847,0.00055847,0.58556871,0.00032702,=:XRP-XRP:thor1n5a08r0zvmqca39ka2tgwlkjy9ugalutk7fjpzptfppqcccnat2ska5t4g/thor1n5a08r0zvmqca39ka2tgwlkjy9ugalutk7fjpzptfppqcccnat2ska5t4g:0/1/1
26157651,2026-05-11,2C363E6839EDD0B0CB1E90181075622F0EFD83C3C4BEADDA35DCE588662B3041,XRP.XRP,xrp-xrp,thor14v89h32ztmfg9d230cjly7ac26fvdkhgq7nkntsw4uy2f3yh2v7qrz6hsw,5672086500 THOR.RUNE,358211,0.00358211,0.58556871,0.00209757,=:XRP-XRP:thor1n5a08r0zvmqca39ka2tgwlkjy9ugalutk7fjpzptfppqcccnat2ska5t4g/thor1n5a08r0zvmqca39ka2tgwlkjy9ugalutk7fjpzptfppqcccnat2ska5t4g:0/1/1
26157752,2026-05-11,F4AC254D6C1F58B9C9E3EF967D0AA5CB32B78439A2EE925F4A303F36118F3CF3,AVAX.AVAX,avax-avax,thor1dw8tadkwy746ytvaugv26g5jwekwpfyjyvlvncvryukm07rc998s4ukvrt,8656334000 THOR.RUNE,566506,0.00566506,0.58556871,0.00331728,=:AVAX-AVAX:thor1n5a08r0zvmqca39ka2tgwlkjy9ugalutk7fjpzptfppqcccnat2ska5t4g/thor1n5a08r0zvmqca39ka2tgwlkjy9ugalutk7fjpzptfppqcccnat2ska5t4g:0/1/1
26157752,2026-05-11,F4AC254D6C1F58B9C9E3EF967D0AA5CB32B78439A2EE925F4A303F36118F3CF3,ETH.USDC-0XA0B86991C6218B36C1D19D4A2E9EB0CE3606EB48,avax-avax,thor1dw8tadkwy746ytvaugv26g5jwekwpfyjyvlvncvryukm07rc998s4ukvrt,5166320785 ETH-USDC-0XA0B86991C6218B36C1D19D4A2E9EB0CE3606EB48,130018,0.00130018,0.58556871,0.00076134,=:AVAX-AVAX:thor1n5a08r0zvmqca39ka2tgwlkjy9ugalutk7fjpzptfppqcccnat2ska5t4g/thor1n5a08r0zvmqca39ka2tgwlkjy9ugalutk7fjpzptfppqcccnat2ska5t4g:0/1/1
26158257,2026-05-11,0A3340B7CEB0C7FEBAE2271D37E0453A2D0FA55EA901E19721F9E2990F86DF14,BCH.BCH,bch-bch,thor1s4jpxtz0jsh6elyqcdujd303ptefz53gknmcp437rm9ykxnfhysqrm5hze,13503207000 THOR.RUNE,631827,0.00631827,0.58556871,0.00369978,=:BCH-BCH:thor1n5a08r0zvmqca39ka2tgwlkjy9ugalutk7fjpzptfppqcccnat2ska5t4g/thor1n5a08r0zvmqca39ka2tgwlkjy9ugalutk7fjpzptfppqcccnat2ska5t4g:0/1/1
26158257,2026-05-11,23D996AB5C9B665145D4685BF543B76217394696724761C1354744FCAA435DF3,BCH.BCH,bch-bch,thor1s4jpxtz0jsh6elyqcdujd303ptefz53gknmcp437rm9ykxnfhysqrm5hze,1 BCH-BCH,0,0,0.58556871,0,=:ETH-USDC:thor1n5a08r0zvmqca39ka2tgwlkjy9ugalutk7fjpzptfppqcccnat2ska5t4g/thor1n5a08r0zvmqca39ka2tgwlkjy9ugalutk7fjpzptfppqcccnat2ska5t4g:0/1/1
26158257,2026-05-11,0A3340B7CEB0C7FEBAE2271D37E0453A2D0FA55EA901E19721F9E2990F86DF14,ETH.USDC-0XA0B86991C6218B36C1D19D4A2E9EB0CE3606EB48,bch-bch,thor1s4jpxtz0jsh6elyqcdujd303ptefz53gknmcp437rm9ykxnfhysqrm5hze,7968651837 ETH-USDC-0XA0B86991C6218B36C1D19D4A2E9EB0CE3606EB48,314605,0.00314605,0.58556871,0.00184223,=:BCH-BCH:thor1n5a08r0zvmqca39ka2tgwlkjy9ugalutk7fjpzptfppqcccnat2ska5t4g/thor1n5a08r0zvmqca39ka2tgwlkjy9ugalutk7fjpzptfppqcccnat2ska5t4g:0/1/1
26158257,2026-05-11,23D996AB5C9B665145D4685BF543B76217394696724761C1354744FCAA435DF3,ETH.USDC-0XA0B86991C6218B36C1D19D4A2E9EB0CE3606EB48,bch-bch,thor1s4jpxtz0jsh6elyqcdujd303ptefz53gknmcp437rm9ykxnfhysqrm5hze,732 THOR.RUNE,0,0,0.58556871,0,=:ETH-USDC:thor1n5a08r0zvmqca39ka2tgwlkjy9ugalutk7fjpzptfppqcccnat2ska5t4g/thor1n5a08r0zvmqca39ka2tgwlkjy9ugalutk7fjpzptfppqcccnat2ska5t4g:0/1/1
26158964,2026-05-11,33EA7BD93E8AAE1878C983A471BBD2DC1B9356CD86E5950B128D26CDA60E4CBD,ETH.ETH,eth-eth,thor1tnd06uswj8033d0kzd5d7zre73u3uc44r2vvez26z5m4kr68vtusf2snva,1 ETH-ETH,0,0,0.58556871,0,=:ETH-USDC:thor1n5a08r0zvmqca39ka2tgwlkjy9ugalutk7fjpzptfppqcccnat2ska5t4g/thor1n5a08r0zvmqca39ka2tgwlkjy9ugalutk7fjpzptfppqcccnat2ska5t4g:0/1/1
26158964,2026-05-11,33EA7BD93E8AAE1878C983A471BBD2DC1B9356CD86E5950B128D26CDA60E4CBD,ETH.USDC-0XA0B86991C6218B36C1D19D4A2E9EB0CE3606EB48,eth-eth,thor1tnd06uswj8033d0kzd5d7zre73u3uc44r2vvez26z5m4kr68vtusf2snva,3854 THOR.RUNE,0,0,0.58556871,0,=:ETH-USDC:thor1n5a08r0zvmqca39ka2tgwlkjy9ugalutk7fjpzptfppqcccnat2ska5t4g/thor1n5a08r0zvmqca39ka2tgwlkjy9ugalutk7fjpzptfppqcccnat2ska5t4g:0/1/1
26159166,2026-05-11,C2229DDE8A000C102C372B9A104A791ADB9AA08072EF9AFAFCAF8B70C81EBC9E,ETH.USDC-0XA0B86991C6218B36C1D19D4A2E9EB0CE3606EB48,eth-usdc-0xa0b86991c6218b36c1d19d4a2e9eb0ce3606eb48,thor1y8g3yhzmnwyt6g7jque36eyregf85kgtzem6dgzqxuzrpmzpumvqts7ud7,27653085330 ETH-USDC-0XA0B86991C6218B36C1D19D4A2E9EB0CE3606EB48,3840089,0.03840089,0.58556871,0.02248636,=:r:thor1n5a08r0zvmqca39ka2tgwlkjy9ugalutk7fjpzptfppqcccnat2ska5t4g/thor1n5a08r0zvmqca39ka2tgwlkjy9ugalutk7fjpzptfppqcccnat2ska5t4g:0/1/1
26159166,2026-05-11,D365437736F33BC44546DDE3110AFA07399EF8C58319B9C339B74004B0523E47,ETH.USDC-0XA0B86991C6218B36C1D19D4A2E9EB0CE3606EB48,eth-usdc-0xa0b86991c6218b36c1d19d4a2e9eb0ce3606eb48,thor1y8g3yhzmnwyt6g7jque36eyregf85kgtzem6dgzqxuzrpmzpumvqts7ud7,25000000000 ETH-USDC-0XA0B86991C6218B36C1D19D4A2E9EB0CE3606EB48,3137871,0.03137871,0.58556871,0.01837439,=:r:thor1n5a08r0zvmqca39ka2tgwlkjy9ugalutk7fjpzptfppqcccnat2ska5t4g/thor1n5a08r0zvmqca39ka2tgwlkjy9ugalutk7fjpzptfppqcccnat2ska5t4g:0/1/1
26159570,2026-05-11,0109514099D2AA630875EA1F44C648C62AEF73DB41EC28B1E2AFCF43BA1DE0F2,ETH.USDC-0XA0B86991C6218B36C1D19D4A2E9EB0CE3606EB48,gaia-atom,thor1s8rxcvg83cwar87ehv4c866auxujkfj3k4wjkxkaren7vmvn9nass80ekp,1451572731 ETH-USDC-0XA0B86991C6218B36C1D19D4A2E9EB0CE3606EB48,10622,0.00010622,0.58556871,0.0000622,=:GAIA-ATOM:thor1n5a08r0zvmqca39ka2tgwlkjy9ugalutk7fjpzptfppqcccnat2ska5t4g/thor1n5a08r0zvmqca39ka2tgwlkjy9ugalutk7fjpzptfppqcccnat2ska5t4g:0/1/1
26159570,2026-05-11,0109514099D2AA630875EA1F44C648C62AEF73DB41EC28B1E2AFCF43BA1DE0F2,GAIA.ATOM,gaia-atom,thor1s8rxcvg83cwar87ehv4c866auxujkfj3k4wjkxkaren7vmvn9nass80ekp,2488406500 THOR.RUNE,207498,0.00207498,0.58556871,0.00121504,=:GAIA-ATOM:thor1n5a08r0zvmqca39ka2tgwlkjy9ugalutk7fjpzptfppqcccnat2ska5t4g/thor1n5a08r0zvmqca39ka2tgwlkjy9ugalutk7fjpzptfppqcccnat2ska5t4g:0/1/1
26159772,2026-05-11,F3DDBB2796D518057A30452437ADB425C5AAC0BEFDE35906A3BFC110FDDE354B,ETH.USDC-0XA0B86991C6218B36C1D19D4A2E9EB0CE3606EB48,tcy,thor1kyjky2yprmamj0gfkevyc6tunxev0054gpxjap8k9vkyutkkf5lqyr0xxv,26124446447 ETH-USDC-0XA0B86991C6218B36C1D19D4A2E9EB0CE3606EB48,3462333,0.03462333,0.58556871,0.02027434,=:THOR.TCY:thor1n5a08r0zvmqca39ka2tgwlkjy9ugalutk7fjpzptfppqcccnat2ska5t4g/thor1n5a08r0zvmqca39ka2tgwlkjy9ugalutk7fjpzptfppqcccnat2ska5t4g:0/1/1
26159772,2026-05-11,F3DDBB2796D518057A30452437ADB425C5AAC0BEFDE35906A3BFC110FDDE354B,THOR.TCY,tcy,thor1kyjky2yprmamj0gfkevyc6tunxev0054gpxjap8k9vkyutkkf5lqyr0xxv,44971315800 THOR.RUNE,44964347,0.44964347,0.58556871,0.26329715,=:THOR.TCY:thor1n5a08r0zvmqca39ka2tgwlkjy9ugalutk7fjpzptfppqcccnat2ska5t4g/thor1n5a08r0zvmqca39ka2tgwlkjy9ugalutk7fjpzptfppqcccnat2ska5t4g:0/1/1
26162701,2026-05-11,DE1155CDE5A06E2ADE7AE091960F4F78C8248DC95D65A4B6BC789BF9A59AFD98,ETH.USDC-0XA0B86991C6218B36C1D19D4A2E9EB0CE3606EB48,xrp-xrp,thor14v89h32ztmfg9d230cjly7ac26fvdkhgq7nkntsw4uy2f3yh2v7qrz6hsw,1660740585 ETH-USDC-0XA0B86991C6218B36C1D19D4A2E9EB0CE3606EB48,14076,0.00014076,0.58556871,0.00008242,=:XRP-XRP:thor1n5a08r0zvmqca39ka2tgwlkjy9ugalutk7fjpzptfppqcccnat2ska5t4g/thor1n5a08r0zvmqca39ka2tgwlkjy9ugalutk7fjpzptfppqcccnat2ska5t4g:0/1/1
26162701,2026-05-11,DE1155CDE5A06E2ADE7AE091960F4F78C8248DC95D65A4B6BC789BF9A59AFD98,XRP.XRP,xrp-xrp,thor14v89h32ztmfg9d230cjly7ac26fvdkhgq7nkntsw4uy2f3yh2v7qrz6hsw,2870428500 THOR.RUNE,90618,0.00090618,0.58556871,0.00053063,=:XRP-XRP:thor1n5a08r0zvmqca39ka2tgwlkjy9ugalutk7fjpzptfppqcccnat2ska5t4g/thor1n5a08r0zvmqca39ka2tgwlkjy9ugalutk7fjpzptfppqcccnat2ska5t4g:0/1/1
26162802,2026-05-11,2995BDD5F119EF3AF3AEF11EB5ACED91CE73DF1499DD2466257FF7D9D8A2BA09,AVAX.AVAX,avax-avax,thor1dw8tadkwy746ytvaugv26g5jwekwpfyjyvlvncvryukm07rc998s4ukvrt,5625676000 THOR.RUNE,237225,0.00237225,0.58556871,0.00138912,=:AVAX-AVAX:thor1n5a08r0zvmqca39ka2tgwlkjy9ugalutk7fjpzptfppqcccnat2ska5t4g/thor1n5a08r0zvmqca39ka2tgwlkjy9ugalutk7fjpzptfppqcccnat2ska5t4g:0/1/1
26162802,2026-05-11,2995BDD5F119EF3AF3AEF11EB5ACED91CE73DF1499DD2466257FF7D9D8A2BA09,ETH.USDC-0XA0B86991C6218B36C1D19D4A2E9EB0CE3606EB48,avax-avax,thor1dw8tadkwy746ytvaugv26g5jwekwpfyjyvlvncvryukm07rc998s4ukvrt,3248744109 ETH-USDC-0XA0B86991C6218B36C1D19D4A2E9EB0CE3606EB48,54017,0.00054017,0.58556871,0.00031631,=:AVAX-AVAX:thor1n5a08r0zvmqca39ka2tgwlkjy9ugalutk7fjpzptfppqcccnat2ska5t4g/thor1n5a08r0zvmqca39ka2tgwlkjy9ugalutk7fjpzptfppqcccnat2ska5t4g:0/1/1
26163307,2026-05-11,AED4B37A463EC7B4F4A4E16BCE55CBFCE4603FFC93EC31FB8819710A35C208C3,BCH.BCH,bch-bch,thor1s4jpxtz0jsh6elyqcdujd303ptefz53gknmcp437rm9ykxnfhysqrm5hze,1 BCH-BCH,0,0,0.58556871,0,=:ETH-USDC:thor1n5a08r0zvmqca39ka2tgwlkjy9ugalutk7fjpzptfppqcccnat2ska5t4g/thor1n5a08r0zvmqca39ka2tgwlkjy9ugalutk7fjpzptfppqcccnat2ska5t4g:0/1/1
26163307,2026-05-11,AED4B37A463EC7B4F4A4E16BCE55CBFCE4603FFC93EC31FB8819710A35C208C3,ETH.USDC-0XA0B86991C6218B36C1D19D4A2E9EB0CE3606EB48,bch-bch,thor1s4jpxtz0jsh6elyqcdujd303ptefz53gknmcp437rm9ykxnfhysqrm5hze,751 THOR.RUNE,0,0,0.58556871,0,=:ETH-USDC:thor1n5a08r0zvmqca39ka2tgwlkjy9ugalutk7fjpzptfppqcccnat2ska5t4g/thor1n5a08r0zvmqca39ka2tgwlkjy9ugalutk7fjpzptfppqcccnat2ska5t4g:0/1/1
26164014,2026-05-11,0BEEF12882A144DE8E6EA5D5F1DA8F75CDAAEF537D81B4BAB8CD76F5329773A7,ETH.ETH,eth-eth,thor1tnd06uswj8033d0kzd5d7zre73u3uc44r2vvez26z5m4kr68vtusf2snva,1 ETH-ETH,0,0,0.58556871,0,=:ETH-USDC:thor1n5a08r0zvmqca39ka2tgwlkjy9ugalutk7fjpzptfppqcccnat2ska5t4g/thor1n5a08r0zvmqca39ka2tgwlkjy9ugalutk7fjpzptfppqcccnat2ska5t4g:0/1/1
26164014,2026-05-11,0BEEF12882A144DE8E6EA5D5F1DA8F75CDAAEF537D81B4BAB8CD76F5329773A7,ETH.USDC-0XA0B86991C6218B36C1D19D4A2E9EB0CE3606EB48,eth-eth,thor1tnd06uswj8033d0kzd5d7zre73u3uc44r2vvez26z5m4kr68vtusf2snva,3891 THOR.RUNE,0,0,0.58556871,0,=:ETH-USDC:thor1n5a08r0zvmqca39ka2tgwlkjy9ugalutk7fjpzptfppqcccnat2ska5t4g/thor1n5a08r0zvmqca39ka2tgwlkjy9ugalutk7fjpzptfppqcccnat2ska5t4g:0/1/1
26164216,2026-05-11,139DBB91091D1BC766EC7DB24E013F1D907D5788BA87704BC5121FB9393A8B8C,ETH.USDC-0XA0B86991C6218B36C1D19D4A2E9EB0CE3606EB48,eth-usdc-0xa0b86991c6218b36c1d19d4a2e9eb0ce3606eb48,thor1y8g3yhzmnwyt6g7jque36eyregf85kgtzem6dgzqxuzrpmzpumvqts7ud7,21077751305 ETH-USDC-0XA0B86991C6218B36C1D19D4A2E9EB0CE3606EB48,2257183,0.02257183,0.58556871,0.01321736,=:r:thor1n5a08r0zvmqca39ka2tgwlkjy9ugalutk7fjpzptfppqcccnat2ska5t4g/thor1n5a08r0zvmqca39ka2tgwlkjy9ugalutk7fjpzptfppqcccnat2ska5t4g:0/1/1
26164620,2026-05-11,FC61CEA34158EBB7413FD561C8EC602ED09B78D30F7930A1CDB69F3360DAC013,ETH.USDC-0XA0B86991C6218B36C1D19D4A2E9EB0CE3606EB48,gaia-atom,thor1s8rxcvg83cwar87ehv4c866auxujkfj3k4wjkxkaren7vmvn9nass80ekp,1179181730 ETH-USDC-0XA0B86991C6218B36C1D19D4A2E9EB0CE3606EB48,7039,0.00007039,0.58556871,0.00004122,=:GAIA-ATOM:thor1n5a08r0zvmqca39ka2tgwlkjy9ugalutk7fjpzptfppqcccnat2ska5t4g/thor1n5a08r0zvmqca39ka2tgwlkjy9ugalutk7fjpzptfppqcccnat2ska5t4g:0/1/1
26164620,2026-05-11,FC61CEA34158EBB7413FD561C8EC602ED09B78D30F7930A1CDB69F3360DAC013,GAIA.ATOM,gaia-atom,thor1s8rxcvg83cwar87ehv4c866auxujkfj3k4wjkxkaren7vmvn9nass80ekp,2027182600 THOR.RUNE,137869,0.00137869,0.58556871,0.00080732,=:GAIA-ATOM:thor1n5a08r0zvmqca39ka2tgwlkjy9ugalutk7fjpzptfppqcccnat2ska5t4g/thor1n5a08r0zvmqca39ka2tgwlkjy9ugalutk7fjpzptfppqcccnat2ska5t4g:0/1/1
26164822,2026-05-11,4997501F70948C209B256136CF03292F8FAFF7009B94391EC173C6C5021D0A33,ETH.USDC-0XA0B86991C6218B36C1D19D4A2E9EB0CE3606EB48,tcy,thor1kyjky2yprmamj0gfkevyc6tunxev0054gpxjap8k9vkyutkkf5lqyr0xxv,956149269 THOR.RUNE,1566,0.00001566,0.58556871,0.00000917,=:ETH-USDC:thor1n5a08r0zvmqca39ka2tgwlkjy9ugalutk7fjpzptfppqcccnat2ska5t4g/thor1n5a08r0zvmqca39ka2tgwlkjy9ugalutk7fjpzptfppqcccnat2ska5t4g:0/1/1
26164822,2026-05-11,2323C46D4DBD1F1A7B7ADE33178C766AD8211F6D80F0C918EAD2CE141870A9CA,ETH.USDC-0XA0B86991C6218B36C1D19D4A2E9EB0CE3606EB48,tcy,thor1kyjky2yprmamj0gfkevyc6tunxev0054gpxjap8k9vkyutkkf5lqyr0xxv,519580123 THOR.RUNE,462,0.00000462,0.58556871,0.00000271,=:ETH-USDC:thor1n5a08r0zvmqca39ka2tgwlkjy9ugalutk7fjpzptfppqcccnat2ska5t4g/thor1n5a08r0zvmqca39ka2tgwlkjy9ugalutk7fjpzptfppqcccnat2ska5t4g:0/1/1
26164822,2026-05-11,4997501F70948C209B256136CF03292F8FAFF7009B94391EC173C6C5021D0A33,THOR.TCY,tcy,thor1kyjky2yprmamj0gfkevyc6tunxev0054gpxjap8k9vkyutkkf5lqyr0xxv,4645261364 THOR.TCY,20581,0.00020581,0.58556871,0.00012052,=:ETH-USDC:thor1n5a08r0zvmqca39ka2tgwlkjy9ugalutk7fjpzptfppqcccnat2ska5t4g/thor1n5a08r0zvmqca39ka2tgwlkjy9ugalutk7fjpzptfppqcccnat2ska5t4g:0/1/1
26164822,2026-05-11,2323C46D4DBD1F1A7B7ADE33178C766AD8211F6D80F0C918EAD2CE141870A9CA,THOR.TCY,tcy,thor1kyjky2yprmamj0gfkevyc6tunxev0054gpxjap8k9vkyutkkf5lqyr0xxv,2524335910 THOR.TCY,6077,0.00006077,0.58556871,0.00003559,=:ETH-USDC:thor1n5a08r0zvmqca39ka2tgwlkjy9ugalutk7fjpzptfppqcccnat2ska5t4g/thor1n5a08r0zvmqca39ka2tgwlkjy9ugalutk7fjpzptfppqcccnat2ska5t4g:0/1/1
26167650,2026-05-11,500B670AA854ED7A430CB7B9418CFBAC6649022F4A77016001AFDE61D90F69A4,ETH.ETH,x/ruji,thor17cawwg2lsnvcne69fek6nsqkf8snma6gc5ccceshul86rl0u3q4s5l5d0a,409 ETH-ETH,0,0,0.58556871,0,=:ETH-USDC:thor1n5a08r0zvmqca39ka2tgwlkjy9ugalutk7fjpzptfppqcccnat2ska5t4g/thor1n5a08r0zvmqca39ka2tgwlkjy9ugalutk7fjpzptfppqcccnat2ska5t4g:0/1/1
26167650,2026-05-11,361F0FF75C30230FECC06EE16610361FF181FCCBC086EDE1435617AAC7EF135A,ETH.USDC-0XA0B86991C6218B36C1D19D4A2E9EB0CE3606EB48,x/ruji,thor17cawwg2lsnvcne69fek6nsqkf8snma6gc5ccceshul86rl0u3q4s5l5d0a,87244434 THOR.RUNE,12,0.00000012,0.58556871,0.00000007,=:ETH-USDC:thor1n5a08r0zvmqca39ka2tgwlkjy9ugalutk7fjpzptfppqcccnat2ska5t4g/thor1n5a08r0zvmqca39ka2tgwlkjy9ugalutk7fjpzptfppqcccnat2ska5t4g:0/1/1
26167650,2026-05-11,500B670AA854ED7A430CB7B9418CFBAC6649022F4A77016001AFDE61D90F69A4,ETH.USDC-0XA0B86991C6218B36C1D19D4A2E9EB0CE3606EB48,x/ruji,thor17cawwg2lsnvcne69fek6nsqkf8snma6gc5ccceshul86rl0u3q4s5l5d0a,1594549 THOR.RUNE,0,0,0.58556871,0,=:ETH-USDC:thor1n5a08r0zvmqca39ka2tgwlkjy9ugalutk7fjpzptfppqcccnat2ska5t4g/thor1n5a08r0zvmqca39ka2tgwlkjy9ugalutk7fjpzptfppqcccnat2ska5t4g:0/1/1
26167650,2026-05-11,361F0FF75C30230FECC06EE16610361FF181FCCBC086EDE1435617AAC7EF135A,THOR.RUJI,x/ruji,thor17cawwg2lsnvcne69fek6nsqkf8snma6gc5ccceshul86rl0u3q4s5l5d0a,133159552 THOR.RUJI,150,0.0000015,0.58556871,0.00000088,=:ETH-USDC:thor1n5a08r0zvmqca39ka2tgwlkjy9ugalutk7fjpzptfppqcccnat2ska5t4g/thor1n5a08r0zvmqca39ka2tgwlkjy9ugalutk7fjpzptfppqcccnat2ska5t4g:0/1/1
26167751,2026-05-11,F383B891BF7B305D0BA79E783D83C9AD57CA6A082A643DDFF85425FC6D0F0CC8,ETH.USDC-0XA0B86991C6218B36C1D19D4A2E9EB0CE3606EB48,xrp-xrp,thor14v89h32ztmfg9d230cjly7ac26fvdkhgq7nkntsw4uy2f3yh2v7qrz6hsw,9542995027 ETH-USDC-0XA0B86991C6218B36C1D19D4A2E9EB0CE3606EB48,460989,0.00460989,0.58556871,0.00269941,=:XRP-XRP:thor1n5a08r0zvmqca39ka2tgwlkjy9ugalutk7fjpzptfppqcccnat2ska5t4g/thor1n5a08r0zvmqca39ka2tgwlkjy9ugalutk7fjpzptfppqcccnat2ska5t4g:0/1/1
26167751,2026-05-11,F383B891BF7B305D0BA79E783D83C9AD57CA6A082A643DDFF85425FC6D0F0CC8,XRP.XRP,xrp-xrp,thor14v89h32ztmfg9d230cjly7ac26fvdkhgq7nkntsw4uy2f3yh2v7qrz6hsw,16404079100 THOR.RUNE,2951520,0.0295152,0.58556871,0.01728318,=:XRP-XRP:thor1n5a08r0zvmqca39ka2tgwlkjy9ugalutk7fjpzptfppqcccnat2ska5t4g/thor1n5a08r0zvmqca39ka2tgwlkjy9ugalutk7fjpzptfppqcccnat2ska5t4g:0/1/1
26167852,2026-05-11,60AE4135C00981EEB1A7A5F1963DD297FB9FD6EF60F9284EF53C79BD50D3004F,AVAX.AVAX,avax-avax,thor1dw8tadkwy746ytvaugv26g5jwekwpfyjyvlvncvryukm07rc998s4ukvrt,755346 AVAX-AVAX,1,0.00000001,0.58556871,0.00000001,=:ETH-USDC:thor1n5a08r0zvmqca39ka2tgwlkjy9ugalutk7fjpzptfppqcccnat2ska5t4g/thor1n5a08r0zvmqca39ka2tgwlkjy9ugalutk7fjpzptfppqcccnat2ska5t4g:0/1/1
26167852,2026-05-11,60AE4135C00981EEB1A7A5F1963DD297FB9FD6EF60F9284EF53C79BD50D3004F,ETH.USDC-0XA0B86991C6218B36C1D19D4A2E9EB0CE3606EB48,avax-avax,thor1dw8tadkwy746ytvaugv26g5jwekwpfyjyvlvncvryukm07rc998s4ukvrt,12697448 THOR.RUNE,0,0,0.58556871,0,=:ETH-USDC:thor1n5a08r0zvmqca39ka2tgwlkjy9ugalutk7fjpzptfppqcccnat2ska5t4g/thor1n5a08r0zvmqca39ka2tgwlkjy9ugalutk7fjpzptfppqcccnat2ska5t4g:0/1/1
26169064,2026-05-11,10BF60A4F7FEFC1F89E51B764E38353FB6048C9F8CDE3CE6F1EDC93CBB8A023E,ETH.ETH,eth-eth,thor1tnd06uswj8033d0kzd5d7zre73u3uc44r2vvez26z5m4kr68vtusf2snva,1 ETH-ETH,0,0,0.58556871,0,=:ETH-USDC:thor1n5a08r0zvmqca39ka2tgwlkjy9ugalutk7fjpzptfppqcccnat2ska5t4g/thor1n5a08r0zvmqca39ka2tgwlkjy9ugalutk7fjpzptfppqcccnat2ska5t4g:0/1/1
26169064,2026-05-11,10BF60A4F7FEFC1F89E51B764E38353FB6048C9F8CDE3CE6F1EDC93CBB8A023E,ETH.USDC-0XA0B86991C6218B36C1D19D4A2E9EB0CE3606EB48,eth-eth,thor1tnd06uswj8033d0kzd5d7zre73u3uc44r2vvez26z5m4kr68vtusf2snva,3895 THOR.RUNE,0,0,0.58556871,0,=:ETH-USDC:thor1n5a08r0zvmqca39ka2tgwlkjy9ugalutk7fjpzptfppqcccnat2ska5t4g/thor1n5a08r0zvmqca39ka2tgwlkjy9ugalutk7fjpzptfppqcccnat2ska5t4g:0/1/1
26169266,2026-05-11,5356DCF8F7E62387EB0894D56859DB4A022467A2C2411A505AEAF5277F60F1DC,ETH.USDC-0XA0B86991C6218B36C1D19D4A2E9EB0CE3606EB48,eth-usdc-0xa0b86991c6218b36c1d19d4a2e9eb0ce3606eb48,thor1y8g3yhzmnwyt6g7jque36eyregf85kgtzem6dgzqxuzrpmzpumvqts7ud7,17944645846 ETH-USDC-0XA0B86991C6218B36C1D19D4A2E9EB0CE3606EB48,1619036,0.01619036,0.58556871,0.00948057,=:r:thor1n5a08r0zvmqca39ka2tgwlkjy9ugalutk7fjpzptfppqcccnat2ska5t4g/thor1n5a08r0zvmqca39ka2tgwlkjy9ugalutk7fjpzptfppqcccnat2ska5t4g:0/1/1
26169266,2026-05-11,4E3B78F4E287C88192280F05BB2551294BBB7E93EF6B92C12CA3CB1EB95E1E30,ETH.USDC-0XA0B86991C6218B36C1D19D4A2E9EB0CE3606EB48,eth-usdc-0xa0b86991c6218b36c1d19d4a2e9eb0ce3606eb48,thor1y8g3yhzmnwyt6g7jque36eyregf85kgtzem6dgzqxuzrpmzpumvqts7ud7,5819535791 THOR.RUNE,58146,0.00058146,0.58556871,0.00034048,=:ETH-USDC:thor1n5a08r0zvmqca39ka2tgwlkjy9ugalutk7fjpzptfppqcccnat2ska5t4g/thor1n5a08r0zvmqca39ka2tgwlkjy9ugalutk7fjpzptfppqcccnat2ska5t4g:0/1/1
26169670,2026-05-11,34C32617674B52E9F984E9BAE77C60AF4DE20F1C2AFF00C5DE5743FD8C7D58AE,ETH.USDC-0XA0B86991C6218B36C1D19D4A2E9EB0CE3606EB48,gaia-atom,thor1s8rxcvg83cwar87ehv4c866auxujkfj3k4wjkxkaren7vmvn9nass80ekp,2034268569 ETH-USDC-0XA0B86991C6218B36C1D19D4A2E9EB0CE3606EB48,20851,0.00020851,0.58556871,0.0001221,=:GAIA-ATOM:thor1n5a08r0zvmqca39ka2tgwlkjy9ugalutk7fjpzptfppqcccnat2ska5t4g/thor1n5a08r0zvmqca39ka2tgwlkjy9ugalutk7fjpzptfppqcccnat2ska5t4g:0/1/1
26169670,2026-05-11,34C32617674B52E9F984E9BAE77C60AF4DE20F1C2AFF00C5DE5743FD8C7D58AE,GAIA.ATOM,gaia-atom,thor1s8rxcvg83cwar87ehv4c866auxujkfj3k4wjkxkaren7vmvn9nass80ekp,3486189300 THOR.RUNE,410793,0.00410793,0.58556871,0.00240548,=:GAIA-ATOM:thor1n5a08r0zvmqca39ka2tgwlkjy9ugalutk7fjpzptfppqcccnat2ska5t4g/thor1n5a08r0zvmqca39ka2tgwlkjy9ugalutk7fjpzptfppqcccnat2ska5t4g:0/1/1
26169872,2026-05-11,90BBDCEBDEDCBC67997E2E8F6FB8148887C4A88B18F4A7C2A0B3AC3DB9229CAE,ETH.USDC-0XA0B86991C6218B36C1D19D4A2E9EB0CE3606EB48,tcy,thor1kyjky2yprmamj0gfkevyc6tunxev0054gpxjap8k9vkyutkkf5lqyr0xxv,830642380 THOR.RUNE,1180,0.0000118,0.58556871,0.00000691,=:ETH-USDC:thor1n5a08r0zvmqca39ka2tgwlkjy9ugalutk7fjpzptfppqcccnat2ska5t4g/thor1n5a08r0zvmqca39ka2tgwlkjy9ugalutk7fjpzptfppqcccnat2ska5t4g:0/1/1
26169872,2026-05-11,213715A0763786FDE0D281C8CE7FF0E62F23CD0FE7AD3FCF2C02A28CF574021E,ETH.USDC-0XA0B86991C6218B36C1D19D4A2E9EB0CE3606EB48,tcy,thor1kyjky2yprmamj0gfkevyc6tunxev0054gpxjap8k9vkyutkkf5lqyr0xxv,630275595 THOR.RUNE,679,0.00000679,0.58556871,0.00000398,=:ETH-USDC:thor1n5a08r0zvmqca39ka2tgwlkjy9ugalutk7fjpzptfppqcccnat2ska5t4g/thor1n5a08r0zvmqca39ka2tgwlkjy9ugalutk7fjpzptfppqcccnat2ska5t4g:0/1/1
26169872,2026-05-11,90BBDCEBDEDCBC67997E2E8F6FB8148887C4A88B18F4A7C2A0B3AC3DB9229CAE,THOR.TCY,tcy,thor1kyjky2yprmamj0gfkevyc6tunxev0054gpxjap8k9vkyutkkf5lqyr0xxv,4125539933 THOR.TCY,15705,0.00015705,0.58556871,0.00009196,=:ETH-USDC:thor1n5a08r0zvmqca39ka2tgwlkjy9ugalutk7fjpzptfppqcccnat2ska5t4g/thor1n5a08r0zvmqca39ka2tgwlkjy9ugalutk7fjpzptfppqcccnat2ska5t4g:0/1/1
26169872,2026-05-11,213715A0763786FDE0D281C8CE7FF0E62F23CD0FE7AD3FCF2C02A28CF574021E,THOR.TCY,tcy,thor1kyjky2yprmamj0gfkevyc6tunxev0054gpxjap8k9vkyutkkf5lqyr0xxv,3130470835 THOR.TCY,9042,0.00009042,0.58556871,0.00005295,=:ETH-USDC:thor1n5a08r0zvmqca39ka2tgwlkjy9ugalutk7fjpzptfppqcccnat2ska5t4g/thor1n5a08r0zvmqca39ka2tgwlkjy9ugalutk7fjpzptfppqcccnat2ska5t4g:0/1/1
26172700,2026-05-11,45B7D90736A06A6A1F6AA53A3BD35EF2E82327624048927E4A4694E5E86AC3AD,ETH.USDC-0XA0B86991C6218B36C1D19D4A2E9EB0CE3606EB48,x/ruji,thor17cawwg2lsnvcne69fek6nsqkf8snma6gc5ccceshul86rl0u3q4s5l5d0a,8061969561 THOR.RUNE,111799,0.00111799,0.58556871,0.00065466,=:ETH-USDC:thor1n5a08r0zvmqca39ka2tgwlkjy9ugalutk7fjpzptfppqcccnat2ska5t4g/thor1n5a08r0zvmqca39ka2tgwlkjy9ugalutk7fjpzptfppqcccnat2ska5t4g:0/1/1
26172700,2026-05-11,3F00D93F8E790AD460B6B1EFFA9FED77B2D3D874CCA6C95EF6FA164CC9CBAA9E,ETH.USDC-0XA0B86991C6218B36C1D19D4A2E9EB0CE3606EB48,x/ruji,thor17cawwg2lsnvcne69fek6nsqkf8snma6gc5ccceshul86rl0u3q4s5l5d0a,103546900 THOR.RUNE,17,0.00000017,0.58556871,0.0000001,=:ETH-USDC:thor1n5a08r0zvmqca39ka2tgwlkjy9ugalutk7fjpzptfppqcccnat2ska5t4g/thor1n5a08r0zvmqca39ka2tgwlkjy9ugalutk7fjpzptfppqcccnat2ska5t4g:0/1/1
26172700,2026-05-11,45B7D90736A06A6A1F6AA53A3BD35EF2E82327624048927E4A4694E5E86AC3AD,THOR.RUJI,x/ruji,thor17cawwg2lsnvcne69fek6nsqkf8snma6gc5ccceshul86rl0u3q4s5l5d0a,12399934131 THOR.RUJI,1294199,0.01294199,0.58556871,0.00757842,=:ETH-USDC:thor1n5a08r0zvmqca39ka2tgwlkjy9ugalutk7fjpzptfppqcccnat2ska5t4g/thor1n5a08r0zvmqca39ka2tgwlkjy9ugalutk7fjpzptfppqcccnat2ska5t4g:0/1/1
26172700,2026-05-11,3F00D93F8E790AD460B6B1EFFA9FED77B2D3D874CCA6C95EF6FA164CC9CBAA9E,THOR.RUJI,x/ruji,thor17cawwg2lsnvcne69fek6nsqkf8snma6gc5ccceshul86rl0u3q4s5l5d0a,159263817 THOR.RUJI,213,0.00000213,0.58556871,0.00000125,=:ETH-USDC:thor1n5a08r0zvmqca39ka2tgwlkjy9ugalutk7fjpzptfppqcccnat2ska5t4g/thor1n5a08r0zvmqca39ka2tgwlkjy9ugalutk7fjpzptfppqcccnat2ska5t4g:0/1/1
26172801,2026-05-11,C99168EE0B78C0B9D21F5F96A4EB7335645C6A0A436D8F1D47691C4FF8426356,ETH.USDC-0XA0B86991C6218B36C1D19D4A2E9EB0CE3606EB48,xrp-xrp,thor14v89h32ztmfg9d230cjly7ac26fvdkhgq7nkntsw4uy2f3yh2v7qrz6hsw,6772395100 THOR.RUNE,79013,0.00079013,0.58556871,0.00046268,=:ETH-USDC:thor1n5a08r0zvmqca39ka2tgwlkjy9ugalutk7fjpzptfppqcccnat2ska5t4g/thor1n5a08r0zvmqca39ka2tgwlkjy9ugalutk7fjpzptfppqcccnat2ska5t4g:0/1/1
26172801,2026-05-11,5869DCC7939633A335251F202FEDB04C63ED8C486DD1C2169A1F7886CD5EC1D1,ETH.USDC-0XA0B86991C6218B36C1D19D4A2E9EB0CE3606EB48,xrp-xrp,thor14v89h32ztmfg9d230cjly7ac26fvdkhgq7nkntsw4uy2f3yh2v7qrz6hsw,121914500 THOR.RUNE,25,0.00000025,0.58556871,0.00000015,=:ETH-USDC:thor1n5a08r0zvmqca39ka2tgwlkjy9ugalutk7fjpzptfppqcccnat2ska5t4g/thor1n5a08r0zvmqca39ka2tgwlkjy9ugalutk7fjpzptfppqcccnat2ska5t4g:0/1/1
26172801,2026-05-11,C99168EE0B78C0B9D21F5F96A4EB7335645C6A0A436D8F1D47691C4FF8426356,XRP.XRP,xrp-xrp,thor14v89h32ztmfg9d230cjly7ac26fvdkhgq7nkntsw4uy2f3yh2v7qrz6hsw,2720683261 XRP-XRP,501069,0.00501069,0.58556871,0.0029341,=:ETH-USDC:thor1n5a08r0zvmqca39ka2tgwlkjy9ugalutk7fjpzptfppqcccnat2ska5t4g/thor1n5a08r0zvmqca39ka2tgwlkjy9ugalutk7fjpzptfppqcccnat2ska5t4g:0/1/1
26172801,2026-05-11,5869DCC7939633A335251F202FEDB04C63ED8C486DD1C2169A1F7886CD5EC1D1,XRP.XRP,xrp-xrp,thor14v89h32ztmfg9d230cjly7ac26fvdkhgq7nkntsw4uy2f3yh2v7qrz6hsw,48977011 XRP-XRP,162,0.00000162,0.58556871,0.00000095,=:ETH-USDC:thor1n5a08r0zvmqca39ka2tgwlkjy9ugalutk7fjpzptfppqcccnat2ska5t4g/thor1n5a08r0zvmqca39ka2tgwlkjy9ugalutk7fjpzptfppqcccnat2ska5t4g:0/1/1
26173811,2026-05-11,E9DDCDCC676BF69BD1463480726E47FAE58261E3F0452B2DA278D083C6213CB1,BTC.BTC,btc-btc,thor1dwsnlqw3lfhamc5dz3r57hlsppx3a2n2d7kppccxfdhfazjh06rs5077sz,150 BTC-BTC,0,0,0.58556871,0,=:ETH-USDC:thor1n5a08r0zvmqca39ka2tgwlkjy9ugalutk7fjpzptfppqcccnat2ska5t4g/thor1n5a08r0zvmqca39ka2tgwlkjy9ugalutk7fjpzptfppqcccnat2ska5t4g:0/1/1
26173811,2026-05-11,E9DDCDCC676BF69BD1463480726E47FAE58261E3F0452B2DA278D083C6213CB1,ETH.USDC-0XA0B86991C6218B36C1D19D4A2E9EB0CE3606EB48,btc-btc,thor1dwsnlqw3lfhamc5dz3r57hlsppx3a2n2d7kppccxfdhfazjh06rs5077sz,20519781 THOR.RUNE,0,0,0.58556871,0,=:ETH-USDC:thor1n5a08r0zvmqca39ka2tgwlkjy9ugalutk7fjpzptfppqcccnat2ska5t4g/thor1n5a08r0zvmqca39ka2tgwlkjy9ugalutk7fjpzptfppqcccnat2ska5t4g:0/1/1
26174114,2026-05-11,F73E392CFDBECC11F7091781B1F0688D0C61E4C238739EFAF7F88EBED1C5A5A1,ETH.ETH,eth-eth,thor1tnd06uswj8033d0kzd5d7zre73u3uc44r2vvez26z5m4kr68vtusf2snva,13486824 ETH-ETH,2439964,0.02439964,0.58556871,0.01428767,=:ETH-USDC:thor1n5a08r0zvmqca39ka2tgwlkjy9ugalutk7fjpzptfppqcccnat2ska5t4g/thor1n5a08r0zvmqca39ka2tgwlkjy9ugalutk7fjpzptfppqcccnat2ska5t4g:0/1/1
26174114,2026-05-11,91637DE41D73932C7F22117CAEB02C9DC705D7D4A0C68369086F7D8EAB087CB0,ETH.ETH,eth-eth,thor1tnd06uswj8033d0kzd5d7zre73u3uc44r2vvez26z5m4kr68vtusf2snva,17147 ETH-ETH,3,0.00000003,0.58556871,0.00000002,=:ETH-USDC:thor1n5a08r0zvmqca39ka2tgwlkjy9ugalutk7fjpzptfppqcccnat2ska5t4g/thor1n5a08r0zvmqca39ka2tgwlkjy9ugalutk7fjpzptfppqcccnat2ska5t4g:0/1/1
26174114,2026-05-11,F73E392CFDBECC11F7091781B1F0688D0C61E4C238739EFAF7F88EBED1C5A5A1,ETH.USDC-0XA0B86991C6218B36C1D19D4A2E9EB0CE3606EB48,eth-eth,thor1tnd06uswj8033d0kzd5d7zre73u3uc44r2vvez26z5m4kr68vtusf2snva,52311132947 THOR.RUNE,4745619,0.04745619,0.58556871,0.02778886,=:ETH-USDC:thor1n5a08r0zvmqca39ka2tgwlkjy9ugalutk7fjpzptfppqcccnat2ska5t4g/thor1n5a08r0zvmqca39ka2tgwlkjy9ugalutk7fjpzptfppqcccnat2ska5t4g:0/1/1
26174114,2026-05-11,91637DE41D73932C7F22117CAEB02C9DC705D7D4A0C68369086F7D8EAB087CB0,ETH.USDC-0XA0B86991C6218B36C1D19D4A2E9EB0CE3606EB48,eth-eth,thor1tnd06uswj8033d0kzd5d7zre73u3uc44r2vvez26z5m4kr68vtusf2snva,66507792 THOR.RUNE,7,0.00000007,0.58556871,0.00000004,=:ETH-USDC:thor1n5a08r0zvmqca39ka2tgwlkjy9ugalutk7fjpzptfppqcccnat2ska5t4g/thor1n5a08r0zvmqca39ka2tgwlkjy9ugalutk7fjpzptfppqcccnat2ska5t4g:0/1/1
26174316,2026-05-11,C68F36F575E8EE68C2DC4B6F3F8823E692D7224BCBA741CEB4F13A4A05566A64,ETH.USDC-0XA0B86991C6218B36C1D19D4A2E9EB0CE3606EB48,eth-usdc-0xa0b86991c6218b36c1d19d4a2e9eb0ce3606eb48,thor1y8g3yhzmnwyt6g7jque36eyregf85kgtzem6dgzqxuzrpmzpumvqts7ud7,25000000000 ETH-USDC-0XA0B86991C6218B36C1D19D4A2E9EB0CE3606EB48,3060882,0.03060882,0.58556871,0.01792357,=:r:thor1n5a08r0zvmqca39ka2tgwlkjy9ugalutk7fjpzptfppqcccnat2ska5t4g/thor1n5a08r0zvmqca39ka2tgwlkjy9ugalutk7fjpzptfppqcccnat2ska5t4g:0/1/1
26174316,2026-05-11,11C16046D02512CFE38EDB8965CBB7BB915C6E59A1942C5C619DE2FC4DBAE9B0,ETH.USDC-0XA0B86991C6218B36C1D19D4A2E9EB0CE3606EB48,eth-usdc-0xa0b86991c6218b36c1d19d4a2e9eb0ce3606eb48,thor1y8g3yhzmnwyt6g7jque36eyregf85kgtzem6dgzqxuzrpmzpumvqts7ud7,77168153 ETH-USDC-0XA0B86991C6218B36C1D19D4A2E9EB0CE3606EB48,29,0.00000029,0.58556871,0.00000017,=:r:thor1n5a08r0zvmqca39ka2tgwlkjy9ugalutk7fjpzptfppqcccnat2ska5t4g/thor1n5a08r0zvmqca39ka2tgwlkjy9ugalutk7fjpzptfppqcccnat2ska5t4g:0/1/1
26174720,2026-05-11,67A53FC4B3566D5559B12FCB20866ACB81EE28BCC1BF7E80ECCE379140AE552C,ETH.USDC-0XA0B86991C6218B36C1D19D4A2E9EB0CE3606EB48,gaia-atom,thor1s8rxcvg83cwar87ehv4c866auxujkfj3k4wjkxkaren7vmvn9nass80ekp,3781231300 THOR.RUNE,24785,0.00024785,0.58556871,0.00014513,=:ETH-USDC:thor1n5a08r0zvmqca39ka2tgwlkjy9ugalutk7fjpzptfppqcccnat2ska5t4g/thor1n5a08r0zvmqca39ka2tgwlkjy9ugalutk7fjpzptfppqcccnat2ska5t4g:0/1/1
26174720,2026-05-11,C4C919C53A792CD630B56D61A4364743CC45628E0FE619D7775BB2DE2EE98CF2,ETH.USDC-0XA0B86991C6218B36C1D19D4A2E9EB0CE3606EB48,gaia-atom,thor1s8rxcvg83cwar87ehv4c866auxujkfj3k4wjkxkaren7vmvn9nass80ekp,10690400 THOR.RUNE,0,0,0.58556871,0,=:ETH-USDC:thor1n5a08r0zvmqca39ka2tgwlkjy9ugalutk7fjpzptfppqcccnat2ska5t4g/thor1n5a08r0zvmqca39ka2tgwlkjy9ugalutk7fjpzptfppqcccnat2ska5t4g:0/1/1
26174720,2026-05-11,67A53FC4B3566D5559B12FCB20866ACB81EE28BCC1BF7E80ECCE379140AE552C,GAIA.ATOM,gaia-atom,thor1s8rxcvg83cwar87ehv4c866auxujkfj3k4wjkxkaren7vmvn9nass80ekp,1098849520 GAIA-ATOM,483389,0.00483389,0.58556871,0.00283057,=:ETH-USDC:thor1n5a08r0zvmqca39ka2tgwlkjy9ugalutk7fjpzptfppqcccnat2ska5t4g/thor1n5a08r0zvmqca39ka2tgwlkjy9ugalutk7fjpzptfppqcccnat2ska5t4g:0/1/1
26174720,2026-05-11,C4C919C53A792CD630B56D61A4364743CC45628E0FE619D7775BB2DE2EE98CF2,GAIA.ATOM,gaia-atom,thor1s8rxcvg83cwar87ehv4c866auxujkfj3k4wjkxkaren7vmvn9nass80ekp,3106712 GAIA-ATOM,3,0.00000003,0.58556871,0.00000002,=:ETH-USDC:thor1n5a08r0zvmqca39ka2tgwlkjy9ugalutk7fjpzptfppqcccnat2ska5t4g/thor1n5a08r0zvmqca39ka2tgwlkjy9ugalutk7fjpzptfppqcccnat2ska5t4g:0/1/1
26174821,2026-05-11,DA2854786A61241641B58B2EF3F88BE0B5FD41DE1118334F81C6BC370FF4BCF2,ETH.USDC-0XA0B86991C6218B36C1D19D4A2E9EB0CE3606EB48,ltc-ltc,thor1ks9qq0nwv7qxtnznesys6ylflwruqlf85er6zls4erwgzkvw0m0qs3rghz,11964136157 THOR.RUNE,248449,0.00248449,0.58556871,0.00145484,=:ETH-USDC:thor1n5a08r0zvmqca39ka2tgwlkjy9ugalutk7fjpzptfppqcccnat2ska5t4g/thor1n5a08r0zvmqca39ka2tgwlkjy9ugalutk7fjpzptfppqcccnat2ska5t4g:0/1/1
26174821,2026-05-11,22D9289846187E7991939E0B16EE08BF1A4A49F22BD870F2D02F2133635B2B41,ETH.USDC-0XA0B86991C6218B36C1D19D4A2E9EB0CE3606EB48,ltc-ltc,thor1ks9qq0nwv7qxtnznesys6ylflwruqlf85er6zls4erwgzkvw0m0qs3rghz,360648447 THOR.RUNE,224,0.00000224,0.58556871,0.00000131,=:ETH-USDC:thor1n5a08r0zvmqca39ka2tgwlkjy9ugalutk7fjpzptfppqcccnat2ska5t4g/thor1n5a08r0zvmqca39ka2tgwlkjy9ugalutk7fjpzptfppqcccnat2ska5t4g:0/1/1
26174821,2026-05-11,DA2854786A61241641B58B2EF3F88BE0B5FD41DE1118334F81C6BC370FF4BCF2,LTC.LTC,ltc-ltc,thor1ks9qq0nwv7qxtnznesys6ylflwruqlf85er6zls4erwgzkvw0m0qs3rghz,121666880 LTC-LTC,867738,0.00867738,0.58556871,0.0050812,=:ETH-USDC:thor1n5a08r0zvmqca39ka2tgwlkjy9ugalutk7fjpzptfppqcccnat2ska5t4g/thor1n5a08r0zvmqca39ka2tgwlkjy9ugalutk7fjpzptfppqcccnat2ska5t4g:0/1/1
26174821,2026-05-11,22D9289846187E7991939E0B16EE08BF1A4A49F22BD870F2D02F2133635B2B41,LTC.LTC,ltc-ltc,thor1ks9qq0nwv7qxtnznesys6ylflwruqlf85er6zls4erwgzkvw0m0qs3rghz,3667558 LTC-LTC,788,0.00000788,0.58556871,0.00000461,=:ETH-USDC:thor1n5a08r0zvmqca39ka2tgwlkjy9ugalutk7fjpzptfppqcccnat2ska5t4g/thor1n5a08r0zvmqca39ka2tgwlkjy9ugalutk7fjpzptfppqcccnat2ska5t4g:0/1/1
26174922,2026-05-11,0E56CF0173FF4FBED16C7949D985BFA4249C05FADFD8DEDB3DB2F2AC93C48514,ETH.USDC-0XA0B86991C6218B36C1D19D4A2E9EB0CE3606EB48,tcy,thor1kyjky2yprmamj0gfkevyc6tunxev0054gpxjap8k9vkyutkkf5lqyr0xxv,109437097 THOR.RUNE,20,0.0000002,0.58556871,0.00000012,=:ETH-USDC:thor1n5a08r0zvmqca39ka2tgwlkjy9ugalutk7fjpzptfppqcccnat2ska5t4g/thor1n5a08r0zvmqca39ka2tgwlkjy9ugalutk7fjpzptfppqcccnat2ska5t4g:0/1/1
26174922,2026-05-11,ECFDB5EA0D77A48840B758235BB983B1CE07B0FDF3D0D8D8A396C33DFF99A0D4,ETH.USDC-0XA0B86991C6218B36C1D19D4A2E9EB0CE3606EB48,tcy,thor1kyjky2yprmamj0gfkevyc6tunxev0054gpxjap8k9vkyutkkf5lqyr0xxv,1245312961 THOR.RUNE,2693,0.00002693,0.58556871,0.00001577,=:ETH-USDC:thor1n5a08r0zvmqca39ka2tgwlkjy9ugalutk7fjpzptfppqcccnat2ska5t4g/thor1n5a08r0zvmqca39ka2tgwlkjy9ugalutk7fjpzptfppqcccnat2ska5t4g:0/1/1
26174922,2026-05-11,0E56CF0173FF4FBED16C7949D985BFA4249C05FADFD8DEDB3DB2F2AC93C48514,THOR.TCY,tcy,thor1kyjky2yprmamj0gfkevyc6tunxev0054gpxjap8k9vkyutkkf5lqyr0xxv,552102912 THOR.TCY,274,0.00000274,0.58556871,0.0000016,=:ETH-USDC:thor1n5a08r0zvmqca39ka2tgwlkjy9ugalutk7fjpzptfppqcccnat2ska5t4g/thor1n5a08r0zvmqca39ka2tgwlkjy9ugalutk7fjpzptfppqcccnat2ska5t4g:0/1/1
26174922,2026-05-11,ECFDB5EA0D77A48840B758235BB983B1CE07B0FDF3D0D8D8A396C33DFF99A0D4,THOR.TCY,tcy,thor1kyjky2yprmamj0gfkevyc6tunxev0054gpxjap8k9vkyutkkf5lqyr0xxv,6282880464 THOR.TCY,35578,0.00035578,0.58556871,0.00020833,=:ETH-USDC:thor1n5a08r0zvmqca39ka2tgwlkjy9ugalutk7fjpzptfppqcccnat2ska5t4g/thor1n5a08r0zvmqca39ka2tgwlkjy9ugalutk7fjpzptfppqcccnat2ska5t4g:0/1/1
26177750,2026-05-11,013844B0133980DBB58B04832F835BC24496DA7D6C6A6FD7475B1EFE3AFDA70D,ETH.USDC-0XA0B86991C6218B36C1D19D4A2E9EB0CE3606EB48,x/ruji,thor17cawwg2lsnvcne69fek6nsqkf8snma6gc5ccceshul86rl0u3q4s5l5d0a,13731765863 ETH-USDC-0XA0B86991C6218B36C1D19D4A2E9EB0CE3606EB48,931347,0.00931347,0.58556871,0.00545368,=:THOR.RUJI:thor1n5a08r0zvmqca39ka2tgwlkjy9ugalutk7fjpzptfppqcccnat2ska5t4g/thor1n5a08r0zvmqca39ka2tgwlkjy9ugalutk7fjpzptfppqcccnat2ska5t4g:0/1/1
26177750,2026-05-11,013844B0133980DBB58B04832F835BC24496DA7D6C6A6FD7475B1EFE3AFDA70D,THOR.RUJI,x/ruji,thor17cawwg2lsnvcne69fek6nsqkf8snma6gc5ccceshul86rl0u3q4s5l5d0a,23221041100 THOR.RUNE,10730904,0.10730904,0.58556871,0.06283682,=:THOR.RUJI:thor1n5a08r0zvmqca39ka2tgwlkjy9ugalutk7fjpzptfppqcccnat2ska5t4g/thor1n5a08r0zvmqca39ka2tgwlkjy9ugalutk7fjpzptfppqcccnat2ska5t4g:0/1/1
26179164,2026-05-11,207D6C4B3D86896EF655489CF076F3514E3A6BFC5B530DFF4220AF0D76463272,ETH.ETH,eth-eth,thor1tnd06uswj8033d0kzd5d7zre73u3uc44r2vvez26z5m4kr68vtusf2snva,3783411700 THOR.RUNE,11629,0.00011629,0.58556871,0.0000681,=:ETH-ETH:thor1n5a08r0zvmqca39ka2tgwlkjy9ugalutk7fjpzptfppqcccnat2ska5t4g/thor1n5a08r0zvmqca39ka2tgwlkjy9ugalutk7fjpzptfppqcccnat2ska5t4g:0/1/1
26179164,2026-05-11,72FC956A403D91AA62F4C6BA9719CFA7C3E841C7D5D004A74EE7FE1459965C1A,ETH.ETH,eth-eth,thor1tnd06uswj8033d0kzd5d7zre73u3uc44r2vvez26z5m4kr68vtusf2snva,1 ETH-ETH,0,0,0.58556871,0,=:ETH-USDC:thor1n5a08r0zvmqca39ka2tgwlkjy9ugalutk7fjpzptfppqcccnat2ska5t4g/thor1n5a08r0zvmqca39ka2tgwlkjy9ugalutk7fjpzptfppqcccnat2ska5t4g:0/1/1
26179164,2026-05-11,207D6C4B3D86896EF655489CF076F3514E3A6BFC5B530DFF4220AF0D76463272,ETH.USDC-0XA0B86991C6218B36C1D19D4A2E9EB0CE3606EB48,eth-eth,thor1tnd06uswj8033d0kzd5d7zre73u3uc44r2vvez26z5m4kr68vtusf2snva,2232220774 ETH-USDC-0XA0B86991C6218B36C1D19D4A2E9EB0CE3606EB48,24694,0.00024694,0.58556871,0.0001446,=:ETH-ETH:thor1n5a08r0zvmqca39ka2tgwlkjy9ugalutk7fjpzptfppqcccnat2ska5t4g/thor1n5a08r0zvmqca39ka2tgwlkjy9ugalutk7fjpzptfppqcccnat2ska5t4g:0/1/1
26179164,2026-05-11,72FC956A403D91AA62F4C6BA9719CFA7C3E841C7D5D004A74EE7FE1459965C1A,ETH.USDC-0XA0B86991C6218B36C1D19D4A2E9EB0CE3606EB48,eth-eth,thor1tnd06uswj8033d0kzd5d7zre73u3uc44r2vvez26z5m4kr68vtusf2snva,3876 THOR.RUNE,0,0,0.58556871,0,=:ETH-USDC:thor1n5a08r0zvmqca39ka2tgwlkjy9ugalutk7fjpzptfppqcccnat2ska5t4g/thor1n5a08r0zvmqca39ka2tgwlkjy9ugalutk7fjpzptfppqcccnat2ska5t4g:0/1/1
26179366,2026-05-11,9E7EDA59AAC10D7E855DA96392C8BD43B5AFC29F20A27EB0592E6C052859E6D7,ETH.USDC-0XA0B86991C6218B36C1D19D4A2E9EB0CE3606EB48,eth-usdc-0xa0b86991c6218b36c1d19d4a2e9eb0ce3606eb48,thor1y8g3yhzmnwyt6g7jque36eyregf85kgtzem6dgzqxuzrpmzpumvqts7ud7,24923307583 ETH-USDC-0XA0B86991C6218B36C1D19D4A2E9EB0CE3606EB48,3091719,0.03091719,0.58556871,0.01810414,=:r:thor1n5a08r0zvmqca39ka2tgwlkjy9ugalutk7fjpzptfppqcccnat2ska5t4g/thor1n5a08r0zvmqca39ka2tgwlkjy9ugalutk7fjpzptfppqcccnat2ska5t4g:0/1/1
